costo_real,costo_predicho
4345.57,5567.915141607145
2283.09,2346.180973161838
676.39,730.6677525213678
603.85,1025.2976308921318
1708.25,1589.296787453103
911.83,615.153551858892
902.68,778.5192108917125
4226.95,4480.974634451333
3255.57,4152.653454718979
886.28,1055.0431918936972
318.11,505.7059285558647
2008.98,1653.054930204126
2059.39,2020.461118553808
2078.19,2619.371350581466
1618.1,1672.7280107482343
60.42,61.91024423422485
883.9,847.6330881176406
4442.05,3465.5084221307534
1615.6,1536.8548213604156
1106.67,1255.0416001831504
4143.37,5963.690522019045
959.35,897.9475448188792
2929.49,3084.2824852745935
446.37,343.45541815342835
4319.59,3095.827007867203
473.88,380.34539685999516
2650.85,3272.449987909628
642.11,572.8711782478381
12.2,80.06775255330838
7082.06,6389.425230986868
497.75,608.78872831593
4201.04,3934.012300000002
98.5,137.92548057454928
1981.32,1946.8310999286095
370.67,759.8701398199469
1101.07,1074.184715491684
1281.25,1328.603687500001
3978.57,3582.6102999516406
28.48,63.573745042443015
613.9,659.2745615512134
1914.01,2559.4704612808778
851.15,930.7722835059715
269.72,311.0702611951754
296.19,353.52262980133776
81.98,197.76230608532217
153.01,66.42460555463867
5928.31,6239.6479763856305
924.61,645.6565826773702
125.03,163.66665729100853
126.59,225.86713546286444
1875.96,1627.2297801409904
1163.76,1186.044793968921
219.77,332.68159880050496
359.54,431.19483042617753
4285.06,4639.026690637781
498.86,567.9036842089153
942.27,863.2199561659734
5362.0,5295.49562420423
1355.09,1637.1807199999994
5658.29,6752.477305383044
948.09,1041.0523369740122
423.46,593.6114259792847
547.57,509.7592408157088
1574.82,1408.182308888889
709.61,938.4944999999996
626.13,575.1388861215542
7017.4,10832.36503426573
3204.37,3033.1014686257945
590.94,588.6590562278878
201.66,355.03911410558476
81.51,49.035983678356736
8794.52,9350.16061145452
1420.05,874.2726991666672
2448.5,2210.483901311831
318.46,260.8748058775341
4468.02,5722.110682252789
831.84,1026.355646990982
266.89,405.48236263310014
10734.05,10642.554416666664
394.23,340.11881915069745
492.92,588.4478118759528
165.85,159.79825803792153
2777.96,2494.636887449327
1081.07,1157.4340368256742
2528.12,2842.9592904798833
7816.37,6107.151213305107
4278.84,4393.595800230882
4053.2,4368.602945895477
73.73,50.214999861297386
739.71,770.079300650183
36.36,52.31280697104576
266.12,354.0858633799231
3720.26,3370.86405485763
748.96,873.2840775919112
317.17,257.5809704259553
6800.5,9355.991712484718
11268.92,12182.52925797917
6023.59,4597.674718317587
16600.7,12301.08328652918
3604.55,3835.1615576695535
1282.96,1381.1598827922082
12998.83,8188.388797563371
649.85,739.1346671151648
350.79,349.5744074141297
1709.72,1051.092267529148
1952.79,1947.9771135161905
1887.4,1660.373706037788
6672.14,7311.812804614393
11370.24,8970.074466078959
195.71,95.73150784550536
212.12,316.94607634449045
234.21,290.7936260753824
270.7,439.2229070313296
8237.13,6145.6347620906945
1713.15,1547.7260333780102
1366.71,1437.3328312849503
57.82,72.21720643863858
1038.63,617.9889876421789
2871.95,2812.9474731069813
6160.62,4186.636358489668
4114.38,4155.6559121789605
67.72,118.86452527459215
458.46,327.6731480856895
4389.53,4121.390836354821
3581.91,3968.9058986395744
339.71,384.0036414900297
14.74,143.27903798234408
349.01,382.0656232844379
761.62,784.5453168207131
3502.7,2913.061217105845
89.13,265.3779131162948
144.66,307.4109268047209
839.09,671.706661481276
1731.49,1632.298511263736
72.32,125.6708399255926
415.28,461.9744306745446
362.26,337.17272788203576
339.32,333.9320748501375
314.06,318.87865256505415
334.95,335.393442110388
6245.04,4666.69145747482
271.3,260.6944248138119
1797.86,1486.5294163783358
7286.2,7144.314473127806
3690.15,3661.3199447252755
18718.96,19573.163600000007
712.68,543.5623147767947
1316.83,1488.0761329129452
252.27,304.8872722368314
7205.1,8294.87292719431
375.9,366.4577564992785
1041.2,1169.559989208007
5614.15,4690.924994075691
1024.29,1336.4183476133157
241.19,294.5895649237589
1443.46,934.863694116124
1955.63,1672.8396293784215
1151.27,1437.5201911022848
467.03,425.52842869188214
1133.96,1086.8092484782612
791.61,681.5537025097597
487.0,565.8091996908448
400.66,443.8555320185502
1158.3,1121.7572692897209
516.13,73.24579395669838
382.09,275.775780799733
5361.82,4530.839348015042
621.67,660.1512000510199
1335.16,1011.9430260317464
657.15,554.6396213859288
388.04,263.1854059456261
8838.07,7239.395980502842
386.64,444.2513147818411
1700.13,1825.0216328968258
2171.38,2094.8655520464686
89.79,139.12668860298805
924.66,867.1628421680829
191.48,316.33880312336834
88.08,62.91386984788112
5700.27,7884.756451525128
333.82,278.40049402653653
163.37,300.19074314984704
1647.84,1579.3983639686753
1942.78,1912.432335734127
161.01,506.5023352782002
3609.62,3910.4665560517374
319.17,426.141818426788
312.22,356.84206941674404
430.61,441.99456793927493
2286.7,2715.3236731431984
86.13,171.70528139327223
313.35,297.3085888319778
2077.69,2596.9048289147127
5689.16,6872.0103456915285
2063.4,1844.620069813952
372.09,270.1447221558102
1271.37,1368.2174499858231
399.53,379.609515585771
4934.11,3528.5428666666676
2079.93,2358.6066967251136
15358.54,18292.0137
3207.63,2902.8905098751643
1273.37,1193.3753431400976
2275.89,2437.0592286228434
1272.19,1033.975119637681
242.52,314.6330617557256
249.45,350.13193660688876
4845.17,5344.807949736523
5715.2,4193.293714339022
459.8,612.7575766231988
1178.03,1270.6922181868133
590.09,495.4693722511922
11497.36,9839.213229014007
6288.52,6585.2970874669845
557.09,589.7762721296003
6682.77,6668.397057207552
447.74,423.7588357616742
919.36,1579.553476728451
6627.58,7299.1217464603915
3958.02,3627.635861560254
6476.25,5894.952492559865
4806.66,4887.192537602498
662.67,831.5440022637855
2233.69,2303.0933639202076
704.59,721.9036365516251
7238.9,7509.204167620494
310.31,325.69646665775383
1157.64,1499.47424345918
331.27,106.47305410573036
917.81,1247.9449393055586
780.83,815.8021249999995
129.23,275.3108223286809
2894.59,3140.17251873309
1748.24,1689.0219807900437
534.72,484.2014060628011
1243.42,1251.179414503397
486.71,403.38673887627994
1288.52,1993.42351833402
919.51,960.6088833333328
854.47,1410.1976594444445
4659.31,5154.601341071428
5008.38,6548.418468236719
618.87,326.13817572091506
2094.39,2935.7432981699008
218.33,286.22692478731614
128.88,248.47048806746426
3255.37,2910.9709894775956
298.81,363.6070249878033
7675.06,9110.90929321495
140.99,184.93534993691782
6339.35,7541.800101498569
722.77,671.4588810394666
1962.92,2177.2692876622173
674.25,744.9612788445063
511.16,493.6210216666667
7609.89,6655.769295082314
6699.71,8643.903175841488
3179.68,3063.317328214416
418.43,594.9647405498732
598.02,545.9190081886384
49.98,97.90293249331324
2621.49,2877.311199182744
3521.34,4044.783408809526
349.75,442.0413593753547
2292.01,1903.8991346186478
1973.65,1951.3874211255354
13.98,77.71027073176487
969.61,1065.3979937393167
1361.24,1514.28266228403
2595.15,2891.0717694176356
743.39,1120.0895299541144
1333.14,898.1698599799433
346.07,540.0519852929524
610.48,400.0838054208205
360.03,428.67020741864644
302.34,279.4414545346697
721.73,450.0386318322233
127.62,111.79557911235139
5768.37,5739.167735793005
297.61,343.74230560857205
336.87,314.67650248648437
908.79,840.0478500000005
609.72,536.6785538183414
23.23,48.139269174056835
1799.54,2255.7413211177586
1372.9,988.3396989243914
2864.64,3062.11710020351
192.15,312.29459401058125
391.75,353.96155060968573
1027.87,1056.574819805195
263.67,272.09392374460793
555.56,322.7455875897547
3566.06,2495.694640819898
335.94,282.05994765017215
569.94,620.284882142857
319.39,280.30097271946545
734.48,527.2514919319786
444.63,417.7360650561022
2307.6,3188.7309804924366
5054.94,4649.480425457679
378.51,319.10083027256246
382.76,287.5560572714169
86.5,151.08944156592835
614.49,464.2905201935275
278.89,214.29476324369455
2103.56,2481.0720311898745
116.98,102.22005010250899
1112.62,1158.4396800000004
357.69,387.6642684189391
828.73,938.9783221262069
611.45,427.08951052554386
573.52,341.7506555615811
1524.35,959.2711573558147
4823.25,5907.42046760973
152.34,184.67991659523804
516.44,977.8874643461277
10428.71,15102.631925000002
160.36,140.74930361102935
490.03,627.4038419805192
265.2,289.6340898907133
441.12,512.5616754673498
1237.9,1448.4484248348306
3386.85,2556.801257561663
2671.35,2624.3256155028666
934.82,526.4788148512708
5130.3,4706.991383508088
2635.74,2660.915342794652
4367.62,5196.539635405492
619.4,763.8540616509788
1297.91,1619.3610987603927
307.44,296.99830630450396
358.03,482.72127134785643
161.69,297.89704406469644
20.44,86.12934087480359
36.06,138.05721122180734
110.65,170.23921910298031
817.96,709.2052000000002
1114.55,1209.5957303030136
6901.06,6314.514627555287
5863.91,6638.564819790024
321.73,410.44006827947845
637.82,527.8389901863378
451.15,551.3312023393577
874.85,1084.0535051736101
4229.27,4659.624449077861
229.39,344.7409034299172
881.59,1119.360207938787
257.14,304.11145716450204
151.78,162.21565271062278
2276.89,3321.5299384536866
2216.99,1728.4537469540664
84.95,104.97642481855381
110.09,76.5303295030809
732.89,607.6506444444444
1073.62,1334.6651291487171
487.44,716.8225399891775
4138.83,5010.686339006615
154.56,292.2286489749728
209.38,316.74803785780017
66.01,81.82398761578355
1690.29,1835.5198683166068
7987.39,8049.477114131808
296.91,502.50528076674317
293.29,321.5009321247158
196.48,191.2536283515418
474.91,433.6855299999999
6688.81,6795.267721085867
2043.98,2084.6437599056667
556.29,1260.5728149610725
4800.82,5371.830016074778
3861.8,3647.918100507527
420.82,288.2719200677493
1490.68,1162.5654372486767
4556.32,4285.995290271949
518.95,476.8561068587618
3093.89,2604.796728468037
4698.17,4763.443188978157
142.81,328.6260335141388
193.66,234.97424874664145
1112.68,1154.793210205666
1938.62,1786.2490952380956
768.17,900.9335689044871
3125.98,2875.4421154040356
277.68,252.09623673085568
1207.65,1150.1149963015541
2489.87,2136.781630487012
2449.98,2090.475806099829
9813.76,7506.8829045691
90.02,136.1994134024508
1162.25,847.0280878720581
3092.03,4100.5200039751435
700.96,536.4230592105991
5816.73,5148.401185434676
1110.89,1301.1149402332533
5916.56,6437.8467015783035
12219.62,9730.711799999994
12606.31,10853.292745979588
1907.67,1492.3818738095233
83.48,88.94715395702356
933.87,744.8036671329885
1805.12,2354.7143727272705
653.66,477.3018856947802
192.6,378.970641955747
295.99,312.189696539645
15232.52,12587.092653500387
569.14,668.6229538793798
5332.64,5384.871533181714
4378.04,4093.642031150797
3202.8,3445.958929503736
627.21,696.6107707775415
1056.65,1101.443166666667
12.35,89.90240466616538
356.05,300.38210573324085
828.5,795.5866418563792
1024.46,1011.346540309017
11495.96,15009.65131232405
178.42,378.9296984903256
692.14,788.9260958469324
299.59,512.4398402150302
857.22,828.1100734379793
601.1,655.5223052380956
4472.35,3527.4537550657765
295.48,259.1874341961041
3317.31,3360.8405959261586
5509.14,6629.305281442673
2422.75,1830.4034119970001
711.56,553.8098266154212
65.03,101.73811594009523
62.03,131.75915271037712
393.16,515.1658011979035
3108.64,2783.5434265358726
649.41,766.104412048195
315.58,584.0700474650347
123.36,372.3614491590847
6136.63,8455.958938969452
997.17,728.7609128165442
142.48,283.66935399473743
3938.49,3686.3624179618078
13.87,75.91763163003334
650.48,562.5680314100734
6052.27,4118.611440335089
4965.1,4842.705685657461
1621.43,2166.9462797956066
659.37,604.756562459298
1002.93,387.7519939875511
1320.35,1972.0972330586083
253.36,323.13775853209916
75.88,288.24163484907757
576.7,590.0653843964253
1301.21,1099.7145186434163
433.25,389.84643205478767
3397.33,4773.117862164772
803.8,888.7870921900318
1037.53,961.1437973875188
1247.01,1170.7273277777776
516.66,446.4017408207776
18.63,55.646206424815006
457.72,411.7765402152497
906.5,660.8148340134767
172.46,202.31524659275016
16.69,77.88644940051023
928.04,807.7136499382478
4634.87,5241.815406514651
1416.4,1469.3477862809427
123.01,179.513531963788
58.27,93.41554975511065
953.5,1190.3885689089313
349.09,68.41037556896426
320.9,387.6278120201877
3798.01,4526.547274488553
10661.6,9359.577875799743
3512.99,2990.3514195664097
1524.46,1653.1411561629363
2827.2,2799.415561776962
423.52,343.6188053793618
3904.13,4836.883368346386
3086.08,3360.142402828261
625.4,897.7890214753957
4720.52,4835.273728132576
2391.41,3077.281583034143
462.89,491.64955370392795
3854.41,3612.838596857702
169.93,401.87938791419344
528.55,576.6807444860184
4277.51,3426.0957571328145
913.68,937.961292482599
1011.05,1030.362178255187
42.34,87.18373234082146
344.16,325.2611249478777
278.49,217.70463705296416
4582.74,4319.38921911664
2440.09,2577.502941989947
6810.36,5802.329476934403
270.0,282.522865240311
730.91,1072.5500511111104
1316.93,1180.178079470958
103.22,301.783368627866
263.16,329.4067535718664
1667.49,2366.5552357142865
9.68,70.48277287336539
8049.8,8281.6128777985
269.1,574.041110411511
5390.22,5327.742416267891
637.82,1079.2551365612321
494.7,666.3487496545122
881.28,1235.122507301588
338.2,479.4831072435238
6831.59,8051.221263506495
1502.96,1622.2519362966093
3475.55,3370.74380366656
435.97,442.32188579099187
4796.3,4796.5997511563
8014.94,8857.442204285713
274.38,257.60110839295396
15.91,90.55096491991073
1522.72,1437.774893809524
113.98,262.241197001233
158.4,66.52856502337073
6564.05,5611.867219337491
77.51,68.71248478971604
2465.09,2300.6835323699356
582.08,775.1907614791824
7806.51,8770.0126911914
3431.67,2982.014842803763
2298.05,1731.1619777777776
286.27,341.2448290756984
1018.53,1523.269749969381
1725.73,1220.3166204399704
3686.6,3789.3570393921987
6609.97,5438.972388156174
6654.39,5531.651102269143
73.45,190.63204565638586
2483.96,2660.7247328197404
308.66,432.6040759806801
3455.94,2939.501258046539
357.6,306.0765078709847
88.79,69.7591929298063
43.07,83.19923211954509
150.13,77.52855014122667
231.81,233.03516436532823
1186.53,987.3599632675999
313.4,321.3831111489898
1437.36,763.9384517532465
529.35,556.8214696063968
7669.63,6812.729769263904
3546.04,3213.0528024913738
933.3,710.8402461983314
25.51,86.01195781737489
325.51,313.83790494152186
843.07,622.6651000888029
1948.31,1839.393410520493
417.0,305.525623993709
151.55,133.69219827332552
7798.36,9969.719497784896
844.32,912.6815166666669
1396.94,1210.6366079771474
10895.99,11421.662057651905
527.43,500.47560000000044
2160.06,2230.496920157701
3453.05,3655.0223495913538
103.19,76.64757323156722
2278.34,2324.0520279795815
72.48,102.42683848221772
2102.69,1662.5762333333341
418.85,331.3291607955001
119.11,283.88920754648626
635.68,649.4954803510252
4792.92,6275.982779583656
499.33,92.86853318006064
570.39,390.1926308570705
198.02,156.46966989505393
18842.69,19764.24319999999
5410.3,7309.098900374554
892.84,733.9330457376398
995.78,1019.7974238528145
1613.22,1394.249150337611
213.6,268.08392822708515
391.04,382.7650496279662
1087.27,1013.708515375719
687.47,771.2663054939618
368.42,357.72705192610835
209.65,348.13774760697515
805.39,757.6836600666857
228.81,333.8924367657373
1744.71,2155.2128172373045
12545.7,14116.86143528646
427.34,369.6113803021061
3190.0,4257.590198137252
21.88,74.59289127513925
1063.49,984.7649200378271
3277.82,3563.866786370208
9018.69,9134.009993748916
1095.98,1097.362226836107
928.62,1225.6934627390597
3885.05,3239.397104906664
12870.83,11041.010250549449
1388.53,1538.9692581159788
910.05,993.5042124610773
183.36,104.79692031905556
330.69,277.6947671580545
2102.38,1620.6157261904764
372.49,586.9894379472541
562.19,736.8641407064891
606.47,537.6489802811851
197.2,287.25325108609076
102.08,139.02212832056966
803.78,890.5021251430678
1931.85,1830.014664360211
4497.58,4515.933618844722
3427.36,4396.98884664072
1596.69,1282.1718553785101
418.51,375.26906936946716
1812.47,1315.3683938021518
604.85,534.6340396451848
985.75,765.8707800126126
33.8,81.90684599336728
2626.46,3895.2497486739885
1457.21,1510.3228683165623
4467.72,6166.197036196676
3891.08,4009.4642807137107
233.4,330.2679778970603
249.62,427.48586376473764
210.89,280.6390419734998
1161.79,1715.687985095257
431.52,366.53497410576915
2376.68,2552.9859901190484
1118.08,1576.1160174350578
18.69,68.4379317406193
235.38,297.6596848849494
4989.49,5500.3310586573425
1183.86,1226.1563124255229
805.03,695.7476772744172
407.14,262.1509127406104
227.68,267.39098754531767
1053.13,1043.9840994129245
36.08,79.34301729555763
146.3,286.397659416648
298.73,248.09882937898416
782.1,946.5181804895384
3363.16,2983.735577113601
203.54,315.32991896276576
262.88,348.7642890645169
7239.01,10042.429569246277
1145.31,1306.6580665413273
1410.58,1726.2870110389604
5723.1,7243.588774727192
1613.65,1976.5946437326136
595.06,791.3525975213676
1037.33,1030.8491218539855
400.96,287.6966677218501
91.37,176.36176872213912
7667.82,7079.225644902422
384.28,317.94745736792925
6346.26,4472.772189410037
4388.36,4645.835178696928
7225.05,5768.281642865299
11839.75,9212.505520900795
975.94,1013.1272630568551
340.04,442.82906273376614
2961.48,4722.46938018057
32.1,66.9336820697981
354.67,449.17993446517045
761.48,740.4600350746964
917.07,1052.624610555556
2060.58,2451.9828065614356
3993.75,3226.9101194152527
2639.7,3196.6150333333317
485.28,398.9977466843562
5661.93,7581.217764921093
243.12,307.4959086308656
723.13,877.6700729509384
118.93,162.46075177987987
26.86,57.13404687246888
2457.27,2573.050639194138
721.08,297.88255384805666
131.48,346.4120292679096
620.33,443.93946848274385
2306.44,2340.887220243097
2332.32,2233.7922520126767
3247.22,3400.125165849354
1652.39,1354.1917303622054
5741.2,5523.639755278736
1132.16,1336.2527265873014
1212.37,1142.8541535766901
757.27,725.2410687632333
4734.7,4910.149480313694
17.71,62.36480654150929
381.44,289.37270309835014
152.45,170.2352297304255
89.31,89.31583732471766
13081.22,10877.34525980398
447.31,375.17154152962416
857.14,923.588343057192
187.41,155.90038891776908
526.49,442.2460906085702
8337.26,8496.634089433423
248.16,319.2941366445886
7773.81,6912.459786759369
773.48,703.5462433300635
1998.03,1459.9762272860064
676.08,650.5252210719294
2128.13,1830.1757188004083
3199.19,2539.5478677582123
712.19,370.82469137277747
194.69,244.10323417550026
866.51,756.0906903508768
4643.48,3750.5586678876693
3059.97,2827.326875166393
8422.91,5859.612799999998
4987.29,4175.441011017811
124.39,280.7066218697549
1722.05,1823.4004038095236
29.28,63.3149588357818
1124.94,920.8545109287192
422.74,526.5893791666668
3502.01,4760.764332535042
596.4,739.3886289845982
1071.08,963.3071858437957
9.58,83.8361397445592
798.58,422.95532208968984
1276.64,1415.4660851843953
1306.04,706.5536410019939
123.59,325.8790411321072
532.12,659.9101443891823
195.3,174.8075730306474
98.67,110.13001709218881
197.74,229.6287996749266
184.97,374.48222791567935
3464.07,4327.317247554114
77.58,59.80836606146679
1440.41,2137.0853914997356
546.59,347.239827092592
881.01,624.2609927584671
2521.54,2472.9787045833323
2478.72,2222.9360264792263
352.67,554.4604150000002
2038.97,1869.0707326611653
115.3,113.51851216660447
644.4,491.6814720470061
453.11,393.79164683157586
6096.63,6973.325101044717
336.82,310.17411544503017
650.24,658.0383926517438
140.18,274.7589686563526
369.77,463.0604966666665
500.56,632.7908109454336
9.81,98.51498603728083
739.56,711.3825791645853
780.98,692.1071500000002
227.93,327.72941987439424
647.84,491.71738365995407
6430.72,5391.646740909092
573.56,475.74591761521805
179.59,87.45991624159947
1232.31,1161.6004133333336
5359.37,4413.515985252341
7350.0,8529.922559361317
34.51,112.85058328498248
284.43,270.3846350481433
1173.25,800.8337909161434
623.15,332.7921471343579
736.86,941.1607776342385
943.74,1145.4654351223967
32.67,66.56967211121452
9.4,42.34509470177759
445.75,515.845794167067
3320.79,3134.8982264285714
193.29,354.11293392556576
338.82,362.09430675520184
233.93,291.6357521698432
1409.01,1401.33807086478
12.3,41.74192180087824
432.29,601.7758830208932
1440.61,934.6526010739507
1830.85,1713.3516405510084
210.25,308.3731290535032
404.4,458.646410148871
5875.21,9467.06648416972
620.94,756.6736527607106
344.74,254.96550096537695
847.01,835.861169487861
2129.01,1999.913510518638
2145.75,2164.1979307142856
3875.74,3481.8393551652402
5173.53,4800.567692359167
388.56,466.9826521006201
638.23,1007.9359333333337
5922.02,5827.286681045971
258.36,371.5334034666287
640.11,849.8324728877665
480.28,472.88270464753737
4979.5,6108.046998037179
1237.4,1280.5377932767763
369.99,407.2309304161999
6424.32,6854.665232092874
6485.79,4946.192414412992
1584.83,1857.08894016095
2078.22,1955.579173788894
147.25,168.83158584259047
677.36,531.5180236320444
1049.23,1110.9294540729484
12.07,73.25098419054629
768.65,833.9046654846634
3343.99,4017.051836024654
4216.53,3852.6501515352847
2549.67,3181.6197224206453
742.22,1044.8937820151905
3740.83,4110.1643315199
199.68,339.42702995717997
1440.68,1337.125984491342
3819.73,4447.563361947231
273.06,324.5388083299705
9227.82,9336.48709234698
287.76,361.1376292717446
316.51,343.6672411731253
1728.72,1210.2396614712322
252.06,312.85688474581025
2694.18,3125.3848308899846
674.95,421.9382615155701
560.65,415.70555597100275
7635.57,8059.870021428567
3456.78,3185.1341002032236
97.48,102.1483898258925
181.35,244.910011677073
5057.59,5438.9345362413915
5985.12,5163.317988550212
66.44,119.7701608045352
5920.49,7866.130219842173
86.79,99.33383032975703
510.4,426.86206639463586
493.91,566.9022464316367
186.77,301.2955556282704
195.91,181.10542270310904
3323.46,5072.859805120572
6467.31,7784.042058621361
672.48,649.0694550116551
658.81,838.577274755122
674.17,1192.691370766556
220.06,290.03046105820545
6265.65,8626.42416460788
897.39,894.871614285714
414.93,392.6750255761531
5281.87,4640.056599816599
4484.79,4625.70886760606
12673.98,12629.31769541662
318.05,434.7353783893993
3255.43,3136.8540342965366
280.37,308.52041951751374
54.62,60.69692253766035
435.87,432.5376826510566
744.86,986.2969832034423
13.91,69.57473532313374
6106.34,6188.661333510973
379.7,332.8863898668145
243.96,110.03837499416626
4945.35,5162.600084327298
87.32,56.45866286820557
19.99,62.01363375624711
1731.93,1975.3313941773533
274.11,336.4563664219293
114.49,208.63666296538955
451.53,292.67993652265335
77.47,88.34010253997764
376.81,525.2385198444285
164.98,288.290653901726
4348.68,5197.994024627594
719.76,631.380270738544
283.1,382.68309272727544
423.58,417.39384994989535
1893.63,1882.4080257717214
5210.53,4726.346401213025
666.52,512.6479147136663
3423.11,2867.604049016649
290.95,407.7833571976366
446.79,659.7889312739884
118.74,283.3753061710411
1563.99,886.5005755284566
2557.21,2250.5483115059437
2603.68,2074.8346664515466
7907.31,5534.909492936509
472.3,483.5966066853174
7970.64,6438.048823869729
267.2,393.1258226207448
51.57,108.1726465754753
1118.12,1182.591904054256
155.51,313.0938967319793
7646.73,7155.861630360805
354.15,379.55487409718245
4294.06,3681.4692093684703
1339.66,1231.7758452781577
7545.57,5852.223116648499
351.9,94.65315460830648
651.84,412.0784502472501
289.93,294.37973370906536
4237.69,3875.349295994522
1288.13,1148.665620021367
931.07,299.46966816086626
7346.53,6010.682520709986
5674.46,5358.83935554788
3473.53,2753.276878796563
185.19,278.88408896321084
110.14,312.0394599038914
956.48,1128.8319451648674
1195.51,1335.1839232142856
154.16,220.72767124840732
74.72,129.52896530633743
5950.95,9764.424179992162
189.28,321.18237666444054
1555.22,2159.835418611495
481.6,374.15002441504373
1283.02,1260.9088507317201
1276.2,810.4906346412781
467.3,502.0975983333337
1110.06,1176.055507193947
3475.18,3749.0702719230776
439.57,399.51932599095164
6951.72,4852.569348718388
12.77,59.340723126035535
955.41,1131.6770304761903
236.42,85.1129639245696
2573.47,2507.9320084434585
67.76,124.11826061639248
3029.16,3114.592534505344
6682.6,6111.4624787878765
6980.25,7647.483669913706
3786.02,3766.2002280019724
341.95,325.79727395787233
6424.66,6177.414115508
641.16,640.7025995122732
6754.49,6922.579080151335
3258.81,3405.6468239075207
886.27,1076.8648171527211
323.88,312.79730117108915
1148.25,1137.434062354652
371.79,293.92421456365037
663.17,566.79928148976
388.65,292.9322274650429
3073.53,2914.170838618231
80.22,146.35781036804457
97.58,100.54137886727902
4725.73,5703.970524454915
3671.79,4201.601524474496
652.54,330.5172748134321
1295.63,868.3290696181894
1215.88,838.9485493902044
1273.46,1104.3091113304235
3634.93,4678.156945029831
13598.6,13817.777794907777
1534.8,873.2974737061794
41.61,85.28860453846049
1831.08,2182.8069577394535
120.29,118.64951404232454
174.07,149.13443760795087
7040.39,7722.659094648414
4220.46,4080.1699949705926
1110.21,746.1754639946073
6030.14,5204.853447104897
5714.24,4712.238178439821
235.01,206.17979344722033
6933.24,6571.056074003077
2234.84,2639.61441606342
872.2,1087.7386511104814
2990.63,2316.987410968761
6957.88,6800.972971010185
3827.7,4325.171623447927
2407.11,2266.5524130896565
2214.04,2437.5752146510545
269.31,102.39142163086476
496.89,425.61559140997576
706.25,767.2783861055191
3447.43,2913.8508523119035
1104.46,1128.0595639045027
8153.91,7971.824558951833
327.77,264.47528693745824
338.78,367.2825573053735
9559.34,7919.3032458773405
687.15,531.1893387267314
871.42,1195.9408405870672
3171.3,2735.5352017531245
9812.93,6841.537093475101
270.91,286.1181993217158
1272.71,1352.8097229147484
2614.0,2510.5223354557206
1017.98,941.39669221839
727.85,720.2012975810737
41.4,84.25135303991635
711.1,297.82189315729977
104.38,283.97161948761715
12.46,97.16744305018555
11.98,65.55240556869552
3523.01,2771.1850290839266
463.38,507.2442339436493
8229.75,10017.526460772606
301.59,345.41009046370846
350.51,562.8300610454363
1329.78,1509.8505117847951
4451.01,4243.876530893475
3794.99,4382.669104774401
421.52,523.3475926201622
1149.43,980.8218131680821
2101.61,2416.2239822189617
4676.98,3615.6772156766087
237.19,332.6560068266593
4555.74,3720.9599211914397
923.15,817.3809482424192
5618.68,6207.8822684550005
5472.84,5340.797251295592
460.6,320.8927451501724
551.08,627.5833616666671
51.49,87.34607855656611
111.25,278.90101052945744
792.56,856.6985705063025
3524.32,4223.950335952384
4101.52,5259.850259717952
1539.05,1685.3988512814235
1894.15,2029.31346673942
265.9,299.03457683676913
224.41,339.22281177403914
191.1,281.3504558104826
277.6,298.21535286633195
565.29,516.2727653531434
38.72,84.5101921393948
464.6,458.8592417103205
5740.14,4274.978398852579
9662.02,11400.927999999996
19.68,66.21591193896649
5215.1,6206.554095785087
274.9,418.4020275938796
26339.75,36663.60790000001
421.69,417.21719726656744
357.57,427.0875196586369
473.39,598.9625117260587
2121.31,2510.695872172225
343.76,626.1404589688007
3977.85,3655.190373637507
270.95,116.2228651696919
134.86,76.78558466713464
2964.24,2958.3837190920603
4040.77,3520.9903048412684
1851.78,1790.4019331591605
67.2,137.14755656522712
3752.01,4556.420801127856
1091.0,978.0687081955646
3314.83,4286.778415526421
3676.84,4339.079261357597
974.4,1027.014262906344
49.12,100.01750893217267
122.98,204.36789361020936
1941.52,1963.9928701325503
2127.95,2042.3756510970773
1875.19,2441.182423041474
12.03,58.66162991218851
2536.35,3035.635449865641
260.92,260.2509589200313
427.98,250.45268497514115
1068.86,959.4222093659122
64.37,62.549697545438974
521.34,648.753958116939
4939.89,6006.752537438753
1212.15,878.8623657142859
240.05,140.53605802983296
6928.66,5958.233417870406
310.52,442.0073341213341
2881.64,3014.029965836027
662.94,710.1881042592593
227.79,402.8780698655595
3063.05,3666.6000792470627
459.49,584.4771003170392
2450.28,3153.136850250207
336.6,395.3580337829309
802.37,957.3397315144192
408.91,363.4178290059335
2495.2,2567.7289263929556
4213.17,5273.109278222011
131.49,340.34315210963285
4132.93,3561.3863089207825
1582.26,1667.041009291391
2306.51,2382.6172893505814
757.31,308.17733546610924
12.19,54.19954026188371
1035.24,1184.4290650488406
2089.79,1888.892113482251
253.78,280.39501261633416
536.67,532.8428934521124
551.17,621.851606563143
356.67,306.654839216212
1917.36,1993.9437596055882
19988.37,15653.156661111105
370.97,400.3857917583444
3275.24,2009.5769789892738
253.44,426.43220644764256
1200.12,1245.6511963145267
484.74,846.0227158711839
1704.99,1356.5414657045246
3245.65,3578.2107884536294
1541.76,1872.685606767696
1881.0,1504.733434696586
224.84,331.7932067616038
223.4,206.8153666666666
371.07,408.43433007231806
5188.92,5121.159066367213
701.97,733.76600456204
1112.55,972.1928195562775
321.45,309.38390162669884
504.82,561.7879477777775
2169.06,2410.9460277196135
4138.58,4171.493413720455
4692.75,5162.177006060606
5903.24,5030.119897613631
289.46,269.3535781765057
202.72,358.3740955267678
161.55,152.55171718961802
9097.75,7429.708648184181
2168.32,1679.2886357142866
6526.21,5535.166805051549
844.25,1059.1034323805359
17487.07,13609.946100616045
5988.55,4291.925
1349.56,1834.699778325885
3294.21,2875.9706498753217
47.24,86.83781422020249
11632.27,12620.716187986116
3839.24,3634.787473658553
4911.84,5715.641750387361
6710.1,8307.782925524296
5948.73,8679.802236309519
3025.47,3665.843493707256
1419.73,1803.7918080094923
2092.41,2472.119155286754
83.35,114.59263451463124
389.71,344.9192736464507
141.97,237.06399906499402
470.75,402.36755279967724
417.3,680.8177989118703
3050.1,3030.4134504184635
2358.94,1963.4665803255236
1595.83,1876.9824601200514
457.66,405.18564576205426
54.87,169.73625112265242
318.96,442.17482018818896
4533.8,5520.234319693877
4659.49,5443.130515327545
3767.97,3574.408253156225
5928.29,7130.434348333331
159.29,232.8066181792516
3601.5,5006.269525098757
194.47,278.33521237189746
446.43,377.4635327871246
140.83,221.2694337914359
1849.61,1608.2422042152568
5962.18,5417.982205038723
191.73,180.8375439886017
109.71,120.05494872493804
924.23,920.2306820970695
660.14,553.9588253209878
383.85,310.0859580498577
216.3,312.5118657773336
4462.63,4562.587625099216
883.72,915.1175123349548
659.07,500.1453397813555
93.08,50.901324042916556
130.84,362.01159060494444
1747.01,2189.0363906840807
616.94,906.96465
406.62,298.62763309578526
285.25,274.54664702166235
333.86,282.45320017733434
559.45,507.38214989093575
3580.45,4692.390639083576
18735.49,11910.618425054112
650.91,900.6675746631169
169.19,384.21817376796776
2083.59,2315.1515182662783
3199.18,3709.475895215753
1176.71,1683.5029643739313
216.39,321.1244473353404
740.04,891.4563629336969
422.4,387.7246606749793
8462.69,7443.227399999998
1134.37,879.8608309076762
390.16,612.1957169368607
1411.79,1541.4537243014947
196.32,278.3459452568274
1963.73,2757.5362184633864
5631.06,4514.798246383255
85.67,118.75684552885916
321.89,340.909116852942
3165.42,3923.8567542896462
450.43,555.2243883144238
8350.59,6757.169416336455
8705.1,8886.058145574354
3558.66,3625.5741099716397
97.71,295.2723159739689
398.58,376.4633737853152
169.52,160.84443155559953
518.2,399.5498753955849
47.38,89.34761234201531
5717.53,6128.365435873864
208.88,219.666153752568
405.77,567.2418929047707
348.27,295.5082633208469
926.41,956.6767268053628
4253.05,3851.5576913121276
5277.97,4222.914520596868
971.27,996.4392986053451
5814.48,7268.272528026855
115.97,127.03485522396397
2031.95,2405.9887936521113
3717.9,4390.52475843254
7420.32,7591.266866553605
110.72,191.22965105810846
6946.69,5977.786624815706
9.38,63.6849454087098
721.85,1024.271408429188
439.0,373.80025567718513
148.63,270.59724537700805
2128.63,1909.8104483237598
265.73,363.68220548922574
6071.36,7260.018676666665
2302.44,2789.6271493539994
9.66,62.84808702633948
4801.67,4924.2922212252615
821.54,936.6436099999995
212.94,366.050961429766
239.24,318.6297090865211
3153.13,3376.449630126971
10715.41,7988.117400000004
48.27,46.889132752109624
7300.06,6936.644987600669
777.59,975.5899358127624
3559.52,3126.962482110529
352.29,74.96484013454574
11485.31,14624.36037941919
287.59,331.1737000398687
1775.96,2095.279597937134
195.51,138.99864338738385
858.82,362.5367775205328
55.39,60.070778095821815
527.27,288.0334849415856
72.05,166.08489243559598
100.34,94.07313663481273
1579.56,1378.9062599752808
848.49,976.6907300000004
1444.71,1494.944135416666
287.06,446.61839301698853
4486.15,4618.023851501172
3532.58,2954.9831792999194
4786.51,3973.7201520796752
10081.47,8303.186787673223
76.42,147.73540224554526
2486.37,3609.4382594019976
466.44,368.6739027467482
315.17,274.9031005317978
925.09,889.2501401325458
372.38,362.6959108681187
9214.25,10656.943581771406
1332.37,1435.325193699222
296.16,269.5968866595479
401.64,323.236088235564
486.21,731.3415457249165
711.42,296.9299948466745
112.63,156.42599949837293
589.75,309.22978400220626
1513.22,1491.3862055411255
3646.2,3560.886066508756
2114.5,2868.488283065464
1239.87,1711.9751999999999
15089.92,13827.456199999999
145.75,193.82199609872532
352.89,355.67168298875686
411.33,385.3126098721361
1787.67,1961.9710208649683
3295.76,3806.2566561126446
350.17,338.2070003421793
1226.72,1297.9648472887748
1905.09,1598.0709466736703
3784.9,5903.097592783463
317.9,290.8443204384313
2246.85,2072.493332241655
7289.9,7135.842487435899
498.96,498.81854557508484
1321.49,1588.740296592522
898.81,1031.7701318789093
400.78,477.6600876012037
531.87,368.38685995753497
732.85,376.0361830675855
328.17,306.664634790214
456.87,320.5656536944805
576.79,255.14785964907375
3454.73,4182.305157796929
181.12,289.9874262520056
2633.71,2756.7024053883733
3468.32,3628.4311368602957
1051.4,1267.2095014721688
241.76,339.3635029285829
315.53,339.322488309715
3322.77,3285.159792635867
4400.89,5948.872905998057
214.25,211.5703982508677
176.14,134.63972227361265
213.94,257.7738433332516
446.21,462.70937996101355
118.54,192.4955878404144
5386.29,5982.843957998669
12.55,58.975403517371554
8772.48,9303.894717291756
4948.51,4283.582498792198
3280.65,3996.8960062272886
182.6,276.6748907556585
1352.4,1597.1131206442574
836.09,865.5798494518127
2409.66,2286.2577773547023
846.11,742.6828759594546
941.49,1421.9402420749896
343.17,334.886614680483
2900.44,3038.3166971434775
615.51,156.41459572315432
743.6,848.2543465010071
536.84,495.16996122906875
4231.94,5124.078734459362
598.75,692.0931806774788
368.21,356.457415175332
27.84,65.28738400666714
12.54,42.385714201766625
1436.84,1443.8248275000003
2391.07,2077.371593663487
231.33,307.9797649625271
356.53,357.4808018233421
7838.26,7208.435265524877
9288.61,8266.713828270025
1279.63,1001.2825333333335
946.49,904.8297479289629
403.36,521.3023264218024
10174.64,10277.846931360344
534.63,451.9503027600388
747.55,1065.5451964028455
362.48,280.8025665687839
2634.93,2894.7780399999992
12107.53,14329.341999999997
260.71,320.24111758961294
3053.76,3038.265350936827
1214.9,1009.3042888897014
1263.08,1652.7137045522688
744.5,675.9977472595394
596.08,254.7163535754943
973.76,916.3812402475919
146.68,218.2273105187956
4922.43,4290.124904766553
3579.21,4246.529279232988
531.43,458.5076247032632
407.29,325.3595771019407
605.26,567.0048838791904
5537.35,6252.869591052975
318.03,414.74971948255245
4498.34,4767.572590725275
6098.72,5009.531281221858
2607.46,2577.8306222114884
87.15,316.1086624751647
4867.11,7191.609479999998
46.45,88.24440206446792
2691.48,2693.275407657174
199.97,266.0459094307641
101.97,62.41615323997924
2333.49,2006.1072150504597
276.85,314.38744032262167
3415.58,2810.5341795243985
305.55,349.45906198533305
4366.53,5275.000609090908
885.03,840.374938298601
2052.88,2280.775434311472
2907.75,2832.7863345807505
204.82,372.16465041136036
967.0,884.4384948712504
426.0,499.9007300000001
10499.32,9084.796246392814
5176.03,5715.933588175096
2493.94,2546.0754393719126
1304.31,1296.9558955444718
424.39,275.4636602910496
277.24,189.79018086050542
297.41,322.8140577187194
284.62,398.53223983448277
600.24,575.2914330623331
1841.51,2033.2915884678189
382.11,274.74904854683246
4728.4,4279.962038386369
226.15,213.9429354644407
3496.59,4214.385819501801
678.2,424.67103962512067
6358.56,4417.460344446481
3443.77,3468.4845151901472
991.6,935.830738080927
58.06,110.37450277577142
131.02,236.5333708570801
3734.85,4089.407112499999
390.28,431.63603121930174
1771.46,1895.7726203596335
123.13,45.60501875069884
2525.1,2286.231376290676
9227.52,7973.674708402994
2990.35,3189.2586501093965
298.65,502.33616473997745
725.46,362.17822794076693
6152.14,4908.572616460655
5451.63,5419.099009013054
797.58,748.3159308069336
426.83,415.3365020656261
199.86,246.1425925878702
973.16,714.0122866666666
939.29,867.7774579642187
9480.09,12667.109023290603
363.14,398.4245500706287
2125.76,2432.9707874458873
1151.52,1769.1335874608008
3769.62,5060.0177232939495
254.37,244.80489475580893
18132.09,17767.360718946602
434.74,349.7361592422785
911.86,921.7511768608057
2669.56,2379.9967176647024
9.83,92.97895917152246
272.52,312.9198651163696
593.56,488.7035505350184
419.8,350.5913361298468
356.56,322.6224372470647
596.64,744.7287237155133
341.12,315.2680033898046
107.68,199.3244278095349
2121.17,2113.61596111837
4097.96,3515.500945676482
787.11,826.7499179761901
4779.53,4966.515664336139
60.8,86.7636219518798
5232.53,7465.952965293754
3759.26,4045.525015079579
567.43,723.0313229415756
2945.22,3178.0187915390834
520.27,159.4055409338317
91.08,185.11867516334226
298.72,329.8742924587761
4583.13,5966.764567265512
1347.77,1608.6047729533027
212.58,306.72048146675087
620.99,643.1525987223072
8708.17,11713.30218450291
5506.18,5827.655659284363
179.22,442.5371289490562
332.46,349.1463962028394
398.53,316.9114857923396
1958.99,2123.124319445835
3471.85,5004.852358175593
5833.43,7220.406797695327
1114.1,925.9848110589229
245.09,276.4220720511576
1210.37,1067.6523081591895
752.28,846.0383587181319
120.82,165.10990720708702
1672.62,1939.2698972355035
3402.78,4967.1584699781115
1273.61,1319.623960773809
3840.93,3432.787399999999
512.95,278.80928855568936
479.77,557.3846217096353
522.39,941.4152504759029
776.95,761.9072312630944
6530.84,5916.370266666672
1150.36,1374.8533085070312
2082.28,2101.4957665638226
11.94,71.22182849229952
11729.43,11162.986269047624
322.71,229.77448672738856
8048.65,7428.038672222223
34928.32,25037.12830000002
120.27,114.64027344130368
300.04,314.76286872475316
1582.65,1233.170516666667
6539.0,7361.179266359305
892.75,515.7482804344897
745.21,346.9445376775977
71.79,67.1003875712546
352.93,386.46162589545156
403.68,431.76451595461646
280.47,243.52856392403027
8685.86,6142.743472251833
862.37,808.9012436007592
1071.81,1024.7533033333334
1173.67,831.7077642857139
3428.11,3258.9328600032445
333.63,69.36512656810282
8111.15,5048.500001795882
93.04,80.45154480797923
259.65,341.5593166683424
6065.23,6624.3174168650785
1740.01,1622.9115165062876
1123.33,1402.0714363888883
7427.71,9911.038648832553
845.28,844.7890885348502
421.29,368.39487701645726
1576.78,1369.3408032936507
1918.25,1586.6576124999992
3655.25,3212.1684648692967
7933.83,5646.4087774345035
802.84,997.2857068494055
6147.53,8795.36230659202
388.74,405.68106303535575
558.02,390.73975371254414
300.48,436.44941736980286
3393.38,3774.8941481818183
4659.87,3794.4411797212615
100.79,286.75374409482714
155.51,319.50947933905144
3153.05,2699.7848808349454
403.61,569.0916296108055
285.34,332.86243729287156
55.29,96.38384323457956
2163.82,2263.4370768484646
857.87,888.3830004892629
8923.49,8554.507169139528
4047.49,3788.937192893203
27.87,81.47909165476385
13676.87,12189.764230168863
3563.8,4212.556142833523
11218.92,9752.152204498976
6193.13,6425.484981938734
9480.32,8204.498109406486
1303.17,1345.957075447272
1060.92,767.1979020050727
615.44,736.5527646993038
34.97,90.92746520370784
3863.54,5339.721306390065
207.31,329.910610267298
293.14,338.65586831856024
554.69,426.2021418276505
105.4,137.51019077600472
438.6,659.4041764484239
1843.54,2122.807545343737
4005.94,4397.114087321713
888.03,974.594238095238
2483.23,2580.169299206349
4602.72,3342.9074458563887
916.09,868.1057958889389
10040.74,5319.237799999998
374.97,377.1004290132089
213.27,316.98726487458026
597.98,352.1048517833878
1642.83,1914.6861470698918
127.83,312.21927514634444
1311.81,1161.8554564131107
5808.47,4676.65472908311
316.36,351.0836371192843
1217.19,1312.9916700382246
148.17,224.4047813895728
4429.05,4708.157793584547
369.74,322.1219574459417
2810.86,3212.3500646971124
250.81,182.9766538555615
710.7,954.0997934542662
9.74,56.41511268971681
31859.67,31667.96890000003
606.37,474.9376132575758
1171.75,973.1822053969031
4572.13,4363.38694094898
385.98,365.9601184704685
228.42,333.6416762977717
218.8,216.22689117217905
5263.93,4435.642005432848
1841.41,2326.4797666666655
67.46,264.114532678424
140.9,229.1560475295411
2063.98,2314.519592798267
359.19,369.8145904726755
195.52,203.91120471051076
270.33,299.9184904369546
6128.91,6833.878120000001
2001.95,1846.9695295437457
2358.95,1966.1501549987436
907.67,975.1746763107394
5310.3,5540.967101143799
92.98,140.44448934458697
8542.71,10476.767433663332
2040.44,2173.696387746948
277.29,305.4721813125014
505.55,529.9480918194207
297.11,354.0456472825428
8128.07,11124.728323357793
4434.68,5110.399503253638
1286.47,1384.147055122656
707.01,733.3783149581394
292.66,294.59203810961185
383.45,297.93888938028863
347.27,416.09027811230817
5839.25,4912.539316207403
627.69,449.8197601057007
1594.84,1608.4774005835736
532.55,297.136760221016
203.05,355.1522633387623
782.83,700.8465649555937
268.73,452.20417123651004
8024.22,7831.55952998066
6411.99,6652.939138022771
484.46,387.8805238173221
19.23,177.457503848556
460.01,475.0271551405842
9172.59,7761.5844575246365
480.36,412.93434689663627
3500.7,5049.283058776453
1515.39,1258.3597755564138
4199.63,4987.0889273809535
243.58,269.6121299290549
9440.38,10015.232645207092
767.97,291.5997248698305
1168.54,1039.9549444444447
1532.5,1868.5633296176477
919.45,1252.9838049999992
367.36,276.47525484816737
1453.88,1373.2301077657892
986.19,1458.3412250000003
9249.37,8204.139310495952
586.99,365.35315906826423
4602.88,4520.508486212738
6506.91,7491.916699999999
632.48,494.53248140925484
199.11,332.5689015475229
308.3,266.748078398154
123.12,253.08602691565324
349.38,511.0440565201467
3674.73,4338.93458170823
1225.24,1233.8511151442954
1303.32,1948.3751477850017
1928.59,1908.2798590776147
1560.55,2285.0899169323193
184.92,272.39191848171885
417.42,360.3750269902511
4385.31,3522.502264609149
16.52,60.09562026399531
144.22,109.94107484582038
3437.76,3360.077888602749
4217.73,5085.738987556783
7316.8,7933.163344469047
1544.46,1954.5735384483291
866.81,958.6412955121331
891.57,674.3766518659069
1962.09,1728.6316123084096
293.6,307.3554865117239
1554.93,1880.2745875000007
1742.89,1876.8362419242735
347.95,404.66283391255763
1400.0,1439.226554874423
4085.56,4015.9123634149078
28.97,55.925705696375374
602.7,259.88463275904985
434.06,200.6671616238661
5075.68,5031.678729943482
971.96,976.898421985943
8667.99,9475.384112351318
267.45,457.65102726406906
206.29,300.39329038986864
504.72,465.149252954823
888.66,1105.8861512175943
6731.1,6833.261883323311
1393.64,1654.358651683575
2818.83,2160.7050452525255
256.07,314.19422385106145
6132.73,7248.372161319812
2875.61,3427.374258200737
1535.48,997.7168622550967
2073.53,1917.5720001885327
348.45,297.88495039643954
2646.99,1810.0681606484275
2808.19,3464.195819999999
206.41,261.66932093179986
8145.32,6509.251199999998
192.92,320.84038633895096
44.66,104.78909442161681
2527.39,2371.192941555645
2629.5,2208.8728248522293
2142.72,2750.721726904761
780.82,623.677559838936
773.41,974.6007205931495
2348.65,2904.6899056733173
55.67,117.02765459604399
357.78,462.863601460586
2041.82,1694.6287202571036
161.25,394.5606031734426
120.17,192.70099999360417
888.84,967.6955063246671
3788.92,3227.3303377998964
2064.86,1802.6193129582587
571.55,733.496958333333
6323.43,5545.456867976191
199.29,380.7792139630931
337.14,304.49819723096545
12844.53,12146.898183461539
441.81,340.477017661409
3496.95,2777.509537184711
775.05,971.9098934983283
66.62,59.76593006889026
7633.75,8121.808525166562
2102.3,1613.889536769195
710.45,612.6893913957514
2005.92,1866.4500047619044
5355.58,6036.55431198544
30.57,78.78421272797301
419.05,384.69746693392864
306.91,352.04516996138193
3215.02,3661.411732034324
2586.65,2284.8864715914788
8543.29,7124.882970291506
699.26,670.2273073993667
607.22,464.3293789248012
1450.72,1433.7520659779454
2077.61,2104.6776663383844
3771.62,3728.655684757652
840.42,767.964748809524
19.42,77.01629430495647
379.76,279.7327125819545
797.14,735.2214295920354
5099.04,5882.517514322453
1876.75,2114.458703939394
377.79,424.63393576423186
2306.47,1773.5643841953781
1997.98,1999.026704398496
2542.86,1883.466611666666
827.13,319.6739510251793
796.63,800.0796100505048
417.82,455.35601819344726
643.45,865.8745066734368
2118.97,1651.3851300946556
1097.84,1240.3058543389704
261.06,330.1116204213859
1057.32,750.9822644681097
111.98,188.7901898148055
1102.87,998.1202753273673
1589.28,2030.2694081683483
573.17,391.9135730588363
9926.31,8642.879988275912
194.38,363.5654868175636
1604.31,1838.7711504761912
368.83,385.03411988804714
310.2,426.93671046582097
164.73,155.22231353950013
98.19,272.11731372826677
4571.69,3578.9752369339485
4124.41,5484.266369364238
198.6,316.453333424414
7620.83,6870.801377717784
546.14,700.1657648596579
8776.67,6229.9068518386475
4192.39,3712.1137571753875
4968.98,4441.636774424694
5270.16,4370.3295937990715
47.52,80.24914823479855
6467.62,7044.523522616726
1484.39,2649.9751396994025
6427.5,4707.136950479334
4108.72,3716.7274609434435
651.03,854.7469219498917
622.74,617.6458481233943
4268.27,6543.635374700339
939.46,879.3220827428752
136.85,332.95275252530666
2762.84,2512.9595647436063
516.09,358.41246908223775
353.71,316.27527561030684
497.58,429.5748601691282
5198.35,4284.943565299043
993.24,869.7560800000002
439.73,275.8816513809708
1601.54,2419.131087569422
2233.37,1780.2458540711698
3509.2,3219.565228044346
316.43,246.45242609437435
791.57,636.4944846694281
3858.3,4203.883741552428
323.17,280.43854045385626
605.06,600.2357974122469
3946.14,3218.478993433702
43.14,47.20878160417704
1877.76,1350.85925671945
1910.56,2467.851916301312
799.04,751.8476458707171
5241.41,5649.597537193085
2948.04,2552.738467126559
149.9,140.4828812662258
1502.19,1722.1566048842467
6485.63,7225.079249952882
156.72,182.73906746051432
375.88,392.06550927797053
1527.51,2063.556834881423
5502.83,4455.860842037047
2790.83,3076.1503246158345
5211.92,3937.6848015382666
1083.76,977.3013447008541
64.5,85.09478273685598
1731.26,2004.0161159333804
448.5,507.99986907841986
1295.08,1434.1522920495872
609.5,570.7455225449104
644.44,589.8249889285713
1032.56,986.199572559524
2585.83,2323.9553181475367
325.1,435.91706930092494
2625.38,2843.971429497108
330.38,299.3186900495305
276.49,320.6170569276854
135.11,312.98098313752246
4584.34,4980.830180679433
1127.7,1758.0009501676539
6706.89,5254.108850000001
67.75,162.73124465764627
227.95,298.93800580132006
1706.09,1698.2749499999989
5196.43,6214.172234305709
3352.26,3640.1083370489523
6690.85,8649.958403480412
792.82,1312.1128866289273
1468.86,1434.1600861719573
202.65,363.690594076471
14.15,53.67905846807727
12208.83,11811.02568025153
889.37,851.7833870344245
317.93,453.99922739295863
406.27,303.320435710321
144.0,311.23548678292616
688.86,634.1039235993356
994.92,828.1841081531361
417.86,363.65583697272564
917.85,674.5809365101876
271.69,287.92593994867565
3228.91,3457.4931759630654
4288.63,4316.319466307644
128.92,43.816285969131414
91.61,116.26313260879891
8402.98,7960.011777453948
69.63,99.59462038828829
1329.34,1637.0389248909053
1164.17,857.91030844896
658.86,388.2092179089759
2284.04,2401.2305536411745
400.47,466.81507941402975
376.7,439.0463275803281
48.19,92.4060900032351
515.58,351.6044451068374
114.42,316.321237530493
6586.57,6733.572237700878
2078.13,2704.117100000001
4840.35,4362.650603685415
831.43,688.8987559994176
559.89,359.75362274769327
71.28,62.8311206653408
57.95,49.749380840651085
661.65,456.7170014543646
1423.1,962.57152876092
1027.76,1207.6513037153306
365.73,122.09193312135444
902.42,853.1924574382584
410.04,321.5974759456552
4139.57,5038.505958473392
370.94,327.12303151573457
317.03,369.0738022510812
3921.3,5529.642541230158
271.0,295.8509432141829
578.22,676.7100613276374
2684.99,3444.561826982585
134.38,150.06318482666464
1274.21,1253.3342134584009
246.73,313.9531892263864
757.61,809.8082606426879
9308.02,10298.539945555554
253.83,457.2133414004783
1846.31,1587.6753743794682
3478.29,2764.590290661634
120.14,128.00721938577772
144.86,291.2381694038311
196.02,270.9719609435643
39.68,57.764047788953874
3223.81,3236.8325572251924
5000.74,5223.5630283736145
77.49,135.65320617392592
215.06,320.8923268417759
1797.05,1924.481726976496
226.22,364.1438086399253
2637.44,3608.1853271180603
459.89,121.19264691561013
413.26,560.1566244562637
2686.24,3115.8305037388823
38.52,96.4478607476476
1862.5,2622.693706344437
1252.23,1419.1906140838612
1507.63,2126.0958623589263
2105.14,2198.1263184656077
497.76,536.9073714285712
7448.08,5187.280626460122
2152.39,1663.2576785684441
3040.2,2175.8258568885412
4201.16,3761.413813393396
2465.38,3065.686791039529
955.85,684.2345871467265
2731.94,3190.27423949643
2266.61,2025.839665093081
152.58,131.024708947793
498.08,594.8077333333333
7086.71,5919.594938614435
605.25,1037.2321877777777
160.59,204.20657978245444
1261.39,1448.1022192718426
1415.28,1840.7391141803926
310.01,330.76480076740364
417.88,284.00448628269567
150.21,184.70094270144602
363.35,485.42150938236625
665.53,763.6826566402964
880.61,607.2445262738291
566.94,743.7207446689526
401.27,343.6683724419596
4929.36,5619.6443754766615
154.83,186.62450624398414
387.48,389.38952270306567
2599.96,2110.9307337899427
1297.08,1406.8808016248083
3327.34,5038.149676568592
232.59,420.5865607124804
384.73,374.1198292037573
3198.14,2562.378873194211
2038.2,2113.998789666321
257.82,265.2072173287841
1180.74,1314.6619681595446
2561.1,3292.518291207109
598.53,581.6863237079612
710.17,1172.137252453302
8469.04,7794.891944255244
47.0,100.13241447608975
422.93,607.0073248815205
598.45,569.1695887889612
43.01,89.95688907520562
1313.13,1696.9189333333325
1790.69,1577.9435536346552
100.37,154.61829651586072
4874.13,4601.338074041014
160.0,163.42380328829057
16.3,69.16524191599474
7613.17,7548.767688597094
342.88,556.7251424899455
124.56,128.47671673243573
397.47,626.216406767038
1773.51,1195.6635999999994
908.85,1354.6441002975575
140.54,272.72965453274037
174.85,374.4513175561007
1375.34,1750.2381099999998
301.73,280.6184664857988
280.46,268.80444695707337
96.79,87.91795548735436
4736.8,6683.982457116513
7215.15,8555.463439522438
26.55,42.873563889344474
2067.42,2373.4886291666653
7599.69,9147.95341666667
479.42,659.0798177194484
316.0,331.35480291129613
6017.88,6691.323802114486
3205.36,3740.695328522328
354.5,279.27845351012985
479.31,480.02734905274224
4412.68,4142.865114014478
1303.67,1130.6917196031745
5890.87,5334.490993035198
510.9,580.3369813288525
5227.99,5430.067775363129
2050.98,2589.5568905996342
398.6,321.29014384686076
2253.93,2862.269898697112
1351.96,1397.7952033983993
3575.69,3445.2301783308694
8785.15,6432.354923057186
9335.16,6513.587199077263
345.54,494.64392207015516
462.99,407.3555182355419
3024.26,2666.431252399177
375.45,536.7469110808272
436.94,382.1828786424452
50836.28,51552.56660000003
1906.56,2151.061464614326
349.0,361.9151848074055
530.55,590.5565129050609
12.54,51.823908614862724
662.81,547.9285786754646
154.79,202.5326930477638
472.0,294.80039814670437
1185.52,1297.1023951305683
588.6,955.0020158050695
1797.33,1377.8023485816711
3445.6,3337.2149759904014
45.53,95.84154606554591
462.93,579.4136758347973
9921.1,15766.165655366298
29.48,89.07952636059211
640.91,792.1528174919665
1767.83,1347.3523500000008
5108.62,6223.852407991373
555.52,332.80560375728584
1288.06,1384.6606728777306
457.44,557.1106292452858
32.81,133.82244497138942
8112.96,8850.400900000002
789.36,920.2657857142856
49.96,55.66763672472042
1538.12,1593.4318768935552
5299.44,5897.73756215459
1600.3,2021.7141239355756
539.36,466.5213077192268
393.45,570.767767902177
219.85,181.06882358413844
2757.27,2623.5078339058323
10228.75,8529.0181
1730.63,1182.748496410472
2017.33,3023.945308487734
1388.1,1799.0953386749488
1441.52,1709.8919102976183
5520.89,5296.8095434127
14146.87,11806.603738113863
807.28,787.2756213354337
8058.2,6775.562408933828
7375.95,7999.457175214019
2297.25,2953.5201147806497
462.58,364.51383874771034
1160.49,696.3181505759005
692.05,753.9086332209274
1392.61,1270.3815186606057
11.93,48.14252532241228
6731.94,7634.6625987335665
3417.89,3471.767589781822
2546.56,2786.4489476044314
1879.8,2475.816612002633
1243.46,1555.673828857637
3119.98,2874.3205299955116
6507.11,5914.136179291328
2362.56,2220.6467159261033
9938.29,10856.124200000004
88.96,273.7810179148319
95.58,76.98470653555897
349.68,428.67925045660405
233.97,156.03241691919132
63.72,98.757576070626
245.38,357.62993244302663
3760.3,4492.44337079893
1557.62,1384.896931119822
3129.85,3465.598764826843
688.24,696.5126034539592
1454.38,1407.9020784401146
473.6,561.2363140559645
1633.43,1920.673240667292
1936.96,1595.229459540069
69.95,125.61395230541847
1324.9,1872.5510986937827
2005.74,2269.3310253454524
1210.75,1025.9441016099468
366.69,397.8595579902504
2838.44,3970.4145750759253
11.41,45.19624205513774
2816.82,2352.852482590146
238.07,307.58186704542413
506.32,504.1387194465969
5354.67,5611.9995696762635
299.16,718.6948474709244
25.75,74.12677865158591
268.22,349.82440223968115
1339.42,1475.8871395054946
329.61,531.8044848537178
5133.13,5328.076629664224
6897.12,8109.958803494152
6509.12,5847.750680578695
141.81,309.01073018843016
3158.09,2644.983225629245
8131.52,7460.7598
427.05,679.9857721139736
1102.27,1238.008191520128
2206.44,2742.0244231060615
230.89,316.6428014587611
154.06,355.14220978548525
85.31,33.89201134007597
542.22,832.1770596183263
5607.03,5308.117287944987
7919.44,7789.757337681159
486.32,200.59873543586505
192.59,315.4032519611669
5092.82,4944.386156505943
1011.33,481.2253638888891
5373.52,5156.356888904217
579.25,606.3977101075659
2911.58,2000.970975509114
896.5,365.88244598613596
1656.21,1246.935834911741
21698.45,26805.708800000008
281.24,352.013389368902
1276.65,1149.4427485348176
651.95,460.1810217375444
521.16,187.11171760953235
592.0,548.0648400000001
2579.38,3207.8252771735756
2713.03,3236.1292250000015
709.41,723.0058409176814
1181.78,1016.9603499999998
178.91,269.448419488869
479.85,305.29499511149265
182.39,317.33749016552656
169.84,330.7459564688403
575.86,469.14332667371
3550.03,3839.2339492622596
5774.64,5199.154574758229
26.25,116.42758794779552
385.49,419.168070462963
5740.22,7231.901247775906
69.18,59.675413906128824
212.25,333.66434634700244
1447.07,1408.5089313964925
283.29,273.67288271631776
4795.8,5234.648154702146
114.24,158.3207865985564
1183.72,1231.243983013895
324.67,290.17570457413603
478.04,540.0687568235206
385.01,383.6510722534874
2290.22,2526.1113984515987
4280.37,3467.4569085942185
52.76,91.77087838644309
2209.44,1762.7818703183773
841.5,726.1848377777778
97.19,135.82618197854472
529.31,431.12277937608684
1931.6,2274.2483670669926
387.77,350.35528946332937
5926.86,4754.909992331151
5646.68,4906.037012205087
4154.68,4305.21442097569
9200.73,8245.87105928436
721.43,281.121625995108
5385.35,5550.525896798161
1614.47,1805.6909988822922
796.51,739.3111331279662
4054.94,3972.2654943192574
2623.72,3381.826260331766
568.91,549.3312350000003
3961.15,4148.595076702282
426.59,351.940537671242
148.85,171.30367893192965
23.05,69.79480276417343
285.14,302.3915257780263
225.35,329.5897592631614
671.63,642.0439646071288
672.67,636.4820186315796
99.21,341.9810109008575
571.55,729.4927750000002
5698.4,6157.44116491964
595.68,678.9794628573604
4643.84,4178.559728009804
390.04,332.5243599999997
329.31,306.12237585212495
317.51,367.33581753118165
7039.57,6819.208079779093
440.98,556.6406599943477
743.06,615.2591620339754
1698.95,1067.6593865687014
567.11,719.9470006864244
170.96,379.6171195656986
1067.99,1135.6122162227598
2030.44,1582.4528281299251
708.85,749.054627952615
169.6,291.0552466467859
6859.32,6316.113300251883
2006.98,2164.03161606278
792.53,731.2625771326752
148.48,283.31411769421993
182.43,381.8523977940526
695.04,454.58949580476224
574.68,711.7669897384457
3429.96,3455.5356712233693
132.11,133.65333285045546
755.17,752.4152978945463
2185.59,2287.155384532251
600.35,470.7378605263158
5018.98,4106.623731510509
316.33,437.1703401042393
752.26,303.3694102537648
836.17,586.7812070555385
2190.34,2972.3402281764056
1708.36,1498.3166249766766
2233.44,1803.9451947793227
376.41,209.20517789553352
166.39,329.0237955200762
3221.28,2585.395337079354
6795.76,8624.214618939388
230.56,342.16275541187736
9.4,91.83246864031706
401.07,282.01144681670104
525.42,601.5051318521806
380.78,424.94988067383935
1310.78,1595.2839598637424
580.34,122.26889020099428
152.75,56.86927872086238
632.21,530.943905178265
207.94,293.7898672850253
725.59,473.60869617886124
2794.01,2635.5682111299247
371.59,490.6576532562577
815.52,992.9160280853831
5530.31,6341.077781211132
17.17,61.93988184199312
340.89,557.342991663085
1360.83,1534.16988888889
97.55,266.0637871057872
249.23,332.1493743298461
4572.35,4274.260849231692
6718.84,6477.532430789274
1938.97,1904.8305610271307
198.88,246.29356416368145
160.52,248.25971418586275
17.18,95.13222108587226
433.03,441.0690807879817
444.2,574.1916691011354
793.81,716.8630317759713
258.47,329.2349489709828
2840.37,3131.251942631525
139.02,370.52889653317436
10234.24,10583.19822326671
3570.75,4267.049858546289
18.5,66.8686320996507
817.76,886.5794633277121
29.69,67.64863619753648
313.53,471.0995463924963
25.57,80.98470010546305
763.64,1056.437686325225
474.76,505.9423609897606
2661.82,2915.607937203101
3986.87,4158.376372431079
193.23,274.624303595443
178.71,258.32405064571935
120.96,155.75844815025013
653.74,525.8836189931048
465.75,352.4427276274707
563.79,564.6982299393237
421.05,572.5833134939655
362.53,384.40936642559313
553.5,313.90203726289195
701.67,654.7966343026578
428.04,408.3866226324902
6414.1,9909.85853188822
89.12,59.185663625490996
12327.56,10655.735645676832
1813.74,1583.860746794872
851.98,712.497508168498
452.52,781.4019808561937
6957.95,7496.334303235093
126.14,202.1171749910552
3165.87,3693.646774712092
8371.7,7504.125269596763
2077.63,2135.9801767807094
4780.41,5381.199975316302
344.1,418.72949728937715
2198.0,2856.9399402733625
5841.9,7234.207880134672
2277.64,1262.8374477097898
269.43,224.97766995985504
1064.89,969.5892656499352
3441.25,4471.313825521057
3671.02,4197.460209592809
441.98,290.69073827229846
1328.22,1701.8597799019615
296.44,303.9753416470181
303.5,318.0980032852605
1003.35,1063.0548561219339
1005.1,1197.821378722944
1220.67,1205.3685997222224
6221.09,8796.98192769734
144.73,314.7158766147864
3235.56,3504.3010615026365
16.58,69.07598030281622
181.21,328.3372597313828
717.37,844.648345098247
1543.92,1482.1072193745733
462.69,537.6432987832087
227.64,329.3644657794037
691.14,772.4716565722991
212.68,201.5051973433991
2393.41,1683.8078166666676
474.28,396.23240918654557
434.25,312.75307380702617
6355.3,6587.178231266688
430.33,505.1741009032524
486.81,458.8384786533974
735.56,300.6076650321938
15.54,73.88980674914116
647.05,925.3568029214715
4278.59,5004.255477771322
382.68,331.9220813840913
250.86,197.46229444473957
599.45,609.2702704063066
2698.03,2723.034607619047
454.27,284.370769333638
969.07,1175.6257966666662
9197.75,8372.052338395693
997.01,1380.9834609483764
1949.28,1828.3803023185692
11835.89,9419.562523605646
454.62,587.5208015132941
4791.8,4762.624379384274
8508.1,9229.535575474114
293.35,294.22767484372
320.99,549.4891223295364
2369.23,2857.978084811654
597.12,754.3440519336219
21.41,72.09623948347237
1003.75,1224.9185075420269
2371.83,3408.3292999999994
122.93,150.86861406295938
1923.0,2535.3497397378155
185.54,162.48641795932946
951.54,926.985639268258
2854.31,3204.750279310273
2421.16,2673.4621542062723
2456.33,2282.9511138663242
8804.67,6512.012004984272
1831.91,1805.083029039666
4772.82,6293.078417078458
3395.37,4642.093212554439
256.66,173.04981105872582
336.96,365.31392985231446
965.81,1301.6677709328708
365.37,310.10742555246486
7712.08,8720.270344248815
811.25,954.4713888888889
5405.08,4628.8821962442225
234.34,474.6695591751268
841.79,538.2903708678223
232.67,288.7956133402936
1222.68,1192.5427374606888
802.97,854.97666592784
536.21,648.7932135531133
2196.0,2006.9374662618302
6013.87,7072.781416463498
2886.99,2364.061022359306
815.56,353.58420446428596
1268.05,1114.52040847599
607.54,383.6797883717393
2844.51,3214.837426723543
407.51,165.89154522226983
372.34,373.95187024807734
955.67,1514.8717971912267
387.8,447.45636139554654
300.63,323.7200767693919
1065.19,1783.9650433333334
6631.31,8757.181416327372
448.67,432.5921880252679
13372.92,13945.876699999995
3774.52,6677.964599323092
512.33,376.98845140611206
8502.9,8786.920265677782
280.85,301.5477571040715
9400.7,9854.59811316438
5231.18,5547.91717681929
1280.25,1102.1153836363642
53.83,132.379264997045
399.75,333.0570298521797
318.74,295.22204471583586
1594.24,878.4781286835749
1166.36,1466.34127033176
929.68,894.8247462137676
599.77,559.2725531720772
7563.53,6188.635030555555
14389.73,10093.856606754058
4586.93,4476.224564636215
8045.41,6014.842902424023
1226.2,1586.078800817931
12285.14,14644.405599999991
2379.27,2214.873247024874
2470.38,2101.6136222209507
786.0,576.8694817450356
479.31,249.5039803698124
2216.06,2024.361702549873
743.8,861.6992364790765
6256.04,4872.027602110062
9209.92,9602.21992883276
6129.99,5288.700118601646
281.35,333.4427877474508
1230.35,1358.0763169626393
609.46,483.62150057807213
5897.99,5879.986477076231
370.85,354.0029836030371
744.95,768.7133918196946
1367.62,1069.375763835285
342.35,393.5114465143712
520.52,615.1413088352172
212.26,307.5230210458755
443.46,398.19645748207273
3499.73,4840.880739999999
278.85,307.7617826407253
45.7,101.45052551715612
86.56,53.69891887754905
8044.23,7818.254340543353
5113.81,5620.913534104454
320.38,316.7894246620618
2549.28,3113.8249486696177
280.16,231.04303834737303
231.58,264.31393055736436
807.74,812.7728173416186
2464.01,3046.1034711111147
1759.05,2026.4320942771183
407.5,379.0171774557361
404.53,166.0314960015264
271.98,348.85440828684835
152.45,310.72369338730545
6626.99,7170.598133532622
11108.33,10854.254947499996
1188.95,1389.3342590580612
8373.66,7401.98163442429
10042.27,12153.001860431446
8283.68,8938.043946428572
136.86,354.3920781303892
2722.28,2233.114410502825
421.6,421.58997366571026
6725.63,5582.764687214137
6801.85,5987.867205726023
371.88,342.9348884727091
502.59,488.8352324603175
1848.99,2314.055971165521
6662.41,5737.3756783339395
175.95,389.19909971088856
21004.77,17299.000682467533
1233.38,1568.0193318036077
731.16,278.0752484547345
185.57,241.51380397248676
2090.43,2025.912589551493
2558.97,2709.813526668579
5552.35,6061.168314594838
608.02,66.19009483323998
6785.6,4505.364515829397
301.03,425.41328244548254
2929.64,2668.814989603767
1518.16,1779.5822680112499
140.57,234.05805398829744
5300.74,5351.576414354245
6245.35,8756.18367792505
14795.9,14949.022318095242
5673.08,5177.575356445753
6966.72,5800.919159183675
2899.72,3211.9257660186304
12.46,65.67037808588556
3601.38,2804.2716687394677
2392.58,3505.8112760462686
49.68,80.66761923713312
454.42,313.36070709407704
141.98,305.4808159528638
11676.77,9973.526987376346
7232.32,5455.7079742671085
719.11,954.3041271645025
14.9,58.94159287872068
533.24,80.57413542950903
714.04,810.9048904517265
671.04,668.1268060203855
1876.95,2464.676074269005
254.59,309.9066265806475
1072.5,581.1474850556997
1107.04,1343.3064041382345
12.01,44.490815283536286
11.1,76.13546947242077
108.64,89.79988327925199
1203.94,1210.0684207663562
2772.56,2304.263225000001
283.32,264.0024883081629
2976.51,2900.3563520940716
667.46,758.643495742811
541.29,658.0399344444444
403.46,279.240288570795
554.55,367.48791978735244
869.78,762.3429052208899
624.95,679.6777657587696
363.29,467.22577608020015
5524.3,3948.871550193366
1589.79,1600.4268881578946
142.08,168.54907622960897
2839.42,2351.387838172969
378.57,248.50362953901885
45.1,100.92825362070244
386.14,348.8925430209878
243.33,354.33006324014974
502.24,327.99987961896755
2260.52,2294.5122416666645
12.42,70.25402914337161
1709.51,1523.5612571153854
383.42,273.48643815942387
10929.11,8974.859564761904
8629.4,9654.405052490023
2586.0,2255.498722571163
2913.39,5041.118595858465
2940.76,3173.3821167098863
383.54,472.3263019718138
59.91,102.97159344674205
9736.01,10166.734771428566
269.04,377.0334992070927
401.62,300.09214168715187
5421.11,5127.78285511951
3309.0,2313.874306023675
648.92,278.6061532272044
156.38,177.48676387520356
1345.26,1261.3432257512095
238.55,353.7767596770406
502.49,387.65931848893115
5200.05,5328.255858854078
1304.26,1321.6593035289104
4042.87,3111.7562515896825
4978.86,5730.939684289182
1020.15,675.1850467370647
679.58,542.1185999999999
632.96,622.4357147217825
360.03,437.20565501602056
7988.18,9873.362976190478
50.36,160.99481773699796
2437.6,2332.9937439158552
174.92,161.76287611477966
250.25,276.96141635334743
7934.64,7425.91298763294
4397.08,4079.4844517857155
244.01,250.85218913638641
186.96,299.1388847501304
1641.39,1919.704051121933
1483.48,1802.0557471934872
204.0,253.65436535336622
3047.73,3645.1041301487508
823.48,674.3165783617455
3755.78,4651.479133023785
492.64,716.2273124999998
104.77,113.15263437731606
641.94,669.1235353681502
1297.84,1311.4445714285725
266.95,323.6022154679165
566.0,685.5492349999997
619.49,300.86146997562236
5135.6,4165.845400000002
20.95,114.64722053579416
1642.63,1715.3588654761895
804.06,641.4062352695003
397.01,365.0447713539693
2340.32,2897.67338320543
1427.28,1986.9595985632193
133.09,46.35569748614726
265.6,284.2433968060639
2987.02,2281.4412204024206
354.6,362.1837754023616
694.75,708.3489381601735
4399.87,4735.188832169073
301.52,335.5836470834729
497.9,463.67405849088306
357.65,312.88480783357966
93.21,138.69027169922438
87.68,95.51543082973271
1384.43,1411.598134460787
7287.75,6656.460056250001
531.84,619.7834477893363
30.85,76.64682897262387
3643.3,3369.85416556752
8426.85,8208.559594285722
345.97,318.3480413422267
1289.71,1584.8030365218137
981.1,698.6214216666668
231.49,277.18411150056863
1153.1,822.7302867487543
663.88,602.2116394334978
3423.09,2846.778401735317
2095.6,2520.6378014893753
73.96,120.2634481350257
34.01,77.8851144989442
679.16,514.2810820321376
577.09,421.28585924626685
932.23,787.4687786416362
3658.19,3380.09329334623
202.07,209.62344174380186
673.65,759.3033775213064
459.49,383.2441787257052
1834.29,2527.1680390205565
178.9,278.31053550201057
5696.44,6786.13210882479
1711.04,1326.167540879121
277.25,206.25104630325174
2298.69,2018.7919105242709
441.49,392.496557609088
251.65,58.55064955761776
1364.82,1124.030009143883
6190.17,6796.853781180527
355.96,603.6858383333338
490.74,373.7202039287692
8296.06,5662.871331230122
165.52,128.68049623138074
1449.12,1503.4158602990635
489.52,428.8034319482029
4479.19,3434.888569446335
4994.39,3032.5534491849817
1672.15,1655.698380224011
471.16,438.2217025946718
734.33,941.4550479166666
3056.16,3405.3976825159057
465.19,368.2094593065287
1524.11,1386.1692703037054
2662.41,2126.8119831008607
904.68,840.550335130212
1792.69,2237.121711864326
284.28,296.02704423307136
7246.29,6468.1019064440225
847.91,985.6741069239745
62.18,139.37268754578818
173.49,228.14746031680446
425.71,622.0531798469659
189.83,171.83158851089817
37.84,95.36773757149388
329.89,437.2069911646191
456.5,561.0294716666666
627.75,570.9354686026596
5682.44,5531.41367506632
4808.39,3847.178611572936
616.33,791.5512065244495
7960.08,8993.7259272321
3182.74,2769.457165117508
2215.73,2170.2541372041715
302.48,444.76354841760093
3616.8,3064.805056000638
437.03,372.79963703308124
2063.83,2660.7172000382866
695.73,561.2020331894021
126.72,126.85700272038703
6203.27,6071.408112236146
360.28,617.9613999112755
2690.31,2192.581698975848
5424.4,6165.781494354743
2542.95,3760.880401181855
510.11,764.75210944479
258.07,94.9505088462988
5561.18,4663.514049815847
105.1,89.78430617129924
6102.48,5848.559830761716
2157.03,1891.6387434026155
94.87,122.46527998829433
300.94,271.6138369420355
41.31,65.75107769093661
6603.38,4345.700406835171
40.8,64.31836615421868
3583.05,4892.706431980436
2364.68,1380.7951547704597
600.78,559.5558450660625
762.36,937.06392989975
1645.27,1250.932276549676
1520.01,1867.888724674347
211.43,303.4885012827257
331.31,297.9388816031394
365.91,733.3262728577419
788.66,1052.3950971961553
525.62,615.2101625043889
11168.38,10100.313033568877
167.78,198.7095762265193
12.46,91.74255775023013
2142.78,2718.223285714287
6311.22,6541.352112641653
572.62,662.0079514781457
7000.1,5228.599128365345
1135.69,1287.6564848484848
12.24,92.08282002189007
2623.89,3476.972105838345
2918.59,3929.333731153849
10099.89,11966.601156430495
145.8,317.05967456987827
1104.29,1650.4197226070928
7014.62,6952.756048853433
717.37,597.0950855555554
107.13,144.43386658048365
2595.61,2552.995290569526
353.33,415.76415210637816
728.11,931.2946335299424
516.74,734.8581676795443
141.33,328.5580588108161
4819.18,4731.795270643209
6255.63,5971.797021219341
1155.41,1037.2396423076927
863.7,629.476675075846
1494.01,1374.8992401252174
381.05,516.345911835733
972.09,827.2749185135267
9623.49,8111.907657017856
1588.54,1445.7545891378386
6117.4,4319.8976284967675
331.96,261.603451667217
239.01,268.56766529006086
9412.01,11285.547099722226
659.52,722.093584034934
5962.11,6184.136372868848
3442.34,3970.788456971548
473.12,342.5488816107125
2357.23,1967.9145893301393
2694.45,2816.012276217974
947.66,814.3691235940097
6946.18,7697.888978317813
2218.93,2504.631465965773
2314.41,2723.9891827783076
135.06,156.26883967437175
4185.05,5001.381018730158
2914.85,2218.06975
664.6,696.4239833333336
516.64,459.04466505868453
3105.58,3034.68011039161
877.4,1084.0878207531057
2261.41,2464.188520233323
2072.45,1731.283333059164
95.77,92.86669034086245
2467.27,2300.4844544047605
4819.82,6256.778945290259
10820.08,13118.988829632159
11844.32,13494.404540402946
635.88,443.4966600767486
282.06,276.27618094050734
925.34,928.4549056204298
4098.06,5207.888374628959
404.02,521.2503478877288
207.56,374.982417594812
352.77,230.10900976539713
8260.13,10166.554118652188
1345.05,1108.9025640695736
3974.93,5436.749570062306
182.74,449.85991544290454
3081.93,3025.555643591145
826.33,531.294363912167
3572.69,3861.6305111665615
3592.27,4529.931117065073
2533.3,3372.1145031536607
5610.81,4251.970304543171
4199.22,4430.349502310031
135.44,163.46614283746695
432.76,367.0346238189546
592.58,355.1229180409662
11995.43,12824.370699999994
8833.57,9536.604552447074
4529.88,3769.3364522237057
113.21,132.85469341568165
700.27,329.40038127224017
616.94,776.4621728416569
326.2,365.74071044422203
4840.23,6017.51699666378
1025.93,1057.0735009180578
1105.32,994.8650639197764
207.45,373.808482447134
5758.15,4662.270110562576
854.06,1115.5506213093538
347.02,341.9409318979456
158.94,214.76252289964165
86.02,72.25371909284723
440.8,486.0938825088397
1645.49,1798.5612491269844
8048.77,7487.378430956927
57.23,69.69684102964898
7678.54,8754.186560511704
200.27,313.4275293662733
1589.31,1814.4383117063494
189.7,271.3721972222222
1196.85,1115.1982479069652
4215.51,4207.9037329545445
4583.36,4455.635891790392
2217.5,1772.639400913914
2026.04,2473.3589667238034
2427.59,2114.8981487679093
5334.15,4188.38708385482
2431.37,2324.267003274312
1023.88,1229.2785716666656
787.92,850.0685258333338
4985.53,5649.744016589909
1823.09,1594.57965565706
56.46,102.2557904052223
2089.37,2129.921550641709
7830.05,7706.948336667717
4745.99,4874.719531213123
807.91,775.1266640452709
211.43,315.69195378723845
3793.71,3078.8746131984426
1218.83,1260.9254552847808
2742.93,3166.786967333968
3411.56,2705.694779698991
4570.42,4033.4539831548145
150.71,355.4440250339103
904.37,835.0387370238095
3255.67,2867.4835995951044
192.13,299.8185196587303
8058.37,5381.681843590701
402.63,332.9411033702656
58.8,91.5560817253801
2378.33,2590.2695370737097
555.95,482.23032619667714
720.44,597.3505651020015
487.58,388.4371476447351
459.5,432.7375502449173
7469.63,6800.293442659135
3158.3,3469.5062063890864
2390.38,2687.4125560526218
6345.73,7388.997341847869
823.38,929.3406864120194
2696.01,2302.1132429177205
502.36,761.994594444444
1256.99,882.5108492984604
2334.18,2744.3227032923937
2025.88,2397.119127085752
169.7,236.99391170185493
304.81,389.522845789588
9034.08,8345.068432871552
2397.72,2798.046758235187
1047.8,830.4450736012889
1827.58,1763.568400941382
416.92,392.7465920068318
4821.03,4618.598825852357
172.85,159.85181145090144
1132.77,1248.1590580061732
1065.3,876.6830691737264
4181.81,3729.0571758036463
1273.14,1309.8190212431368
1503.88,1588.675819159422
7893.87,8052.450395126312
7061.14,9073.093075263205
158.53,333.1378588848929
6038.61,8115.469847544819
6528.38,6647.710919116241
968.07,1326.526648267717
20.32,72.8377219292221
242.28,330.60374680956477
6127.48,7788.961512118026
3305.3,3380.305915170551
318.9,478.3662693447921
4422.17,3201.9757841768696
2586.74,2248.210503699136
16292.17,18989.27550000001
5530.55,4982.930492416253
801.06,873.2332210476887
362.2,360.8987701636893
10314.52,8738.888837176342
347.62,331.6790664603497
4342.1,5247.244412519491
126.37,240.86391459804872
305.82,428.66324603246653
1014.01,1080.7598
4525.06,4423.577553595085
137.61,150.89127070377674
3520.14,3017.474583724118
3975.43,3832.6835222326113
357.26,591.5449079984851
78.91,128.47549802897137
672.85,415.83887834726994
779.84,491.765878428719
405.07,479.20995323666875
52.77,60.311320738312645
2654.45,2491.953292661561
1145.1,1099.3816227460634
281.44,328.5171819832571
3494.1,3423.8286866620283
108.42,86.13159420697549
1166.85,1289.8675104578756
194.94,252.28128443165812
13.97,54.005921306516264
4579.46,5422.317516111113
124.85,132.24143419065373
333.45,461.26988777661813
255.01,280.54952728907045
228.5,367.2884398587591
928.66,813.0607666666673
1448.28,1507.900000357143
376.97,480.62859921930556
223.35,386.9793676448419
4402.11,4079.1429073153586
706.79,797.4133888888889
2965.83,3326.0838344394233
7744.02,5207.57969716298
475.69,546.8614406696832
1938.16,2783.0141124555958
483.56,645.6385664669564
2352.8,2785.3068048224354
642.23,312.67886953199223
208.75,285.7570143546898
602.72,401.88808007126187
525.9,595.5928886106028
306.61,324.05507566638653
339.04,372.62089431839854
1715.15,1374.1776148351648
12.22,91.43512173865207
4859.79,5194.655064356375
4530.23,4022.610897980576
687.2,464.73201082677764
259.81,231.18133581244564
3586.5,5074.591814435325
2510.76,3343.3062574188452
6206.15,5103.2386120122765
4435.76,5741.366856117774
2332.32,2412.9272632102334
2890.6,2426.861139500156
3745.63,3174.6761517094833
2383.85,2517.3128689545424
212.95,253.94028968420992
6993.51,6074.831488865515
592.01,768.1053807511846
3257.47,3261.391383566715
829.79,917.5110152777778
3174.49,2427.6614476367076
366.37,351.46504578004124
473.76,428.03899026299837
344.23,296.0812116797399
802.23,494.2163833333333
424.27,316.89128063950716
1310.79,1369.1401001087181
1801.3,1707.3931215727828
378.94,628.1956679811751
366.27,328.11064606965584
1466.06,1336.027385924395
330.07,359.47848232655247
268.65,246.09830448351815
5822.47,5230.0849990493325
48.61,203.47816089688283
331.35,420.476139440081
569.61,664.8504246928071
161.61,204.09762164652736
3867.35,4927.112975378177
3320.43,4934.692748176512
3403.58,4586.6659650340935
1052.2,1174.914759700945
242.41,225.9704761188228
169.23,302.03035089497644
11.75,96.45447672222224
1466.05,1647.4321171399235
90.84,283.47285569368967
6750.37,7758.709387674041
32.02,90.34894398768967
1138.22,1318.4224425531495
459.79,489.0542745473176
2825.99,2233.695848641986
86.08,63.927294313699285
495.12,366.8799995124521
198.72,351.4367794055248
201.84,104.9869212357908
44.22,81.30480610415431
357.02,547.5831281879231
4833.46,3655.425121762794
725.96,507.59712416670794
1878.29,1572.643732563157
1072.94,1385.6657263867187
2507.76,2389.0499488095243
5227.76,5116.682806456721
119.27,80.42615209332328
440.04,433.19794085564894
7213.6,7402.176831753937
2127.78,2238.0800983101453
2290.84,2749.258661296146
3629.86,2231.2757400612513
4440.99,4222.510588170787
272.94,329.89975388514625
2360.51,1907.8582653646786
1586.86,1566.9433210805819
198.45,376.4497447173946
4869.89,4348.0230712428
147.46,208.11693951936155
13.74,105.19635419042532
396.84,384.4139566407584
170.52,226.37812686113625
751.53,712.4517444661667
2908.11,2823.4896332600615
428.14,348.8874620874452
496.89,757.870385797543
337.8,204.49902680914866
15683.99,12485.473009489097
945.19,1033.353252658729
2122.35,2673.559350411175
1328.67,1541.3928701137932
349.13,283.50369907276627
975.37,1297.5566468937457
3009.81,4833.882089242546
390.3,281.1216869170311
316.48,328.6242850317622
819.96,600.1108142917215
1122.09,655.6549684445048
1227.68,1434.829002986527
903.51,1122.6759490196077
6754.28,5616.258797057822
114.01,182.53419990089688
3505.3,5089.584864027388
675.75,667.9176469041016
493.76,501.7972511287138
5655.06,5755.232935353881
1072.97,998.9677571428515
948.06,1035.413383492154
429.81,445.0077839152514
127.6,98.21410877557301
3417.41,3314.013052681057
11448.6,13118.52821853797
5379.8,8102.038653333333
159.41,185.6126846462409
934.67,1342.1524122662754
3320.5,2023.972497511743
1371.75,1590.797255719698
53.81,113.78108043893668
1061.97,1567.2477964530326
14161.24,12440.24297470751
126.54,75.39441835935094
69.01,80.36510831690838
587.03,729.538365873016
221.43,62.506917041607046
2687.36,2856.73015565134
401.89,323.5563742499118
431.99,431.53288195979513
812.87,800.9793295810067
2592.91,2900.7538650891174
790.26,1005.120126870792
105.91,146.1663506169974
6250.68,6791.197733379286
1302.31,1187.1156718268817
303.04,365.882257072804
429.11,274.3014066254416
342.7,301.45857197373476
559.11,338.52495812423405
18072.81,10872.922543260227
867.58,623.4025289689561
3514.99,2307.5184413832203
6827.77,6240.912746494758
222.77,288.46696264656333
8276.53,8122.77124801782
11819.72,10598.301
419.92,478.18915167552245
1608.25,1725.6310873146379
402.67,469.6165047901699
1574.27,1383.343243461724
59.56,98.73478228010676
6761.05,5767.409620500923
154.49,313.69159853503766
153.26,140.53375886514033
356.77,353.15944388405927
481.91,296.6938751466901
1074.31,1256.957874395062
1488.69,1459.316419695447
23.47,92.71713837885784
1532.56,1299.8556214418024
1877.72,2141.4676447942084
1426.75,1277.918395023923
389.75,317.9282304150791
449.73,306.30052516494067
263.91,395.9027845335396
1367.18,1418.872970093024
82.33,60.92670969118736
16240.76,11363.210553736184
102.91,183.33113608354373
3027.5,4190.986571663841
510.55,265.3499549291415
304.21,333.49276767557996
3383.02,3208.8838004487175
93.88,226.2684135300207
559.87,499.67186529610984
3451.72,3590.1076474850083
11018.22,10954.708519213293
1197.79,1653.628944449796
9233.55,7706.048552605345
1530.72,1174.1117001326375
618.22,745.9288498644357
1690.48,1981.6488793040312
3626.26,3158.6337033866166
1307.54,1316.894484371527
502.56,666.7448706002328
7495.09,7939.515886166449
142.5,315.45728144094426
293.49,267.2418422767254
275.3,297.59284649355214
128.54,122.08557847312966
248.66,354.1905766885336
2213.63,2815.0418952213863
636.55,626.9879249999999
1830.98,2160.2833041808544
766.82,892.985035885682
2908.34,2004.8396058578467
2096.59,2141.6348898989904
446.16,443.3700457173384
316.98,306.4514200451636
590.0,651.0476230078273
5227.94,4746.34689189312
141.3,136.4542858353173
1713.68,2184.314908177215
218.43,283.859565125709
2196.75,3243.879453823874
2144.43,2447.9260333766765
11.72,49.75139191739848
8492.87,7376.402462134792
22.38,59.1259098013468
435.22,349.421821327211
9.4,51.21604554964239
1289.31,1496.7370853345026
517.97,262.982436913126
4529.11,4220.1281850615005
510.26,503.4471859289625
488.83,523.1853743525479
13039.79,13819.331762500005
1974.15,1652.1269954329014
1851.81,1093.0610761143948
119.83,153.90724651652215
40.6,116.29912355785696
1632.93,1582.3368624802472
1734.26,1417.8592522993672
2724.36,2848.590403603386
1051.64,1017.8523866263719
467.18,342.2365248189134
6013.31,4331.229570634032
269.99,392.6877579332458
2033.52,2823.5963813017283
1300.06,1682.0487487427727
61.37,85.1429928874035
6743.76,6737.577383470846
1188.91,1370.963576241831
3897.19,4086.559262685996
476.68,569.589664683046
3349.44,3155.3870864566143
335.49,472.66906104065
637.02,583.4427820847168
1418.79,1697.1043227393063
7383.59,6751.802373884002
743.21,435.8317322710673
616.82,301.9810100466878
3869.56,3487.0362247756957
5647.05,7166.577448467213
3954.08,5048.350596825435
9.79,72.96846670760593
10430.66,7676.326248449498
192.66,174.0016451226551
4756.74,4629.076800000002
2315.63,2887.7615873479535
3586.76,3471.6404265431856
2848.12,3335.424685488401
3661.67,5085.009941184789
1128.23,1318.524501193523
3565.02,4236.478727754151
438.41,488.9967526461961
2232.38,2273.3307393003265
4045.3,4472.21625607143
2220.75,2445.7717800000005
999.7,1019.8094463838128
87.64,83.25795698172875
2800.09,3162.972341526058
1015.72,971.706708293657
2177.76,1948.826526002821
567.34,393.7119191757322
1498.89,1557.332787177143
1174.83,1256.6450810451406
17.43,73.24407914837771
228.72,320.56024813636805
84.8,257.4836137703076
608.93,430.0358264241261
65.57,112.56892060189998
454.74,515.9096172619046
379.9,306.79586097622666
3085.43,4001.763983963452
4550.8,5005.549481824093
430.81,324.5248039827765
27.51,85.8042485716046
829.52,842.4549820892711
1051.0,868.9771157159979
446.58,321.97404890408814
121.17,160.3393526215145
8004.49,7234.672774294565
4210.67,4325.082623641274
4991.03,5723.030374910977
1101.66,1455.037440545052
391.64,472.86408530755267
657.31,863.5546436070061
628.1,526.8485764599
169.81,227.39250644976389
654.39,709.2421061004335
2557.56,2769.6755556948706
1898.79,1783.8825708333336
68.56,81.22972917214572
910.48,932.0219630905697
128.1,187.28881591256493
271.33,370.84556976924546
493.22,374.2714879442223
4599.05,6190.073452220148
6371.07,4588.669316907002
1850.77,1726.495957921051
2020.38,2845.384937385338
3265.72,3818.9926164689787
871.02,851.0113783459628
3945.6,2830.0437908464833
667.82,634.27464346449
210.53,327.98722718301343
923.1,763.782088930007
238.71,305.22069075158157
2295.63,2263.627524274249
242.88,194.3085306605017
1662.0,1957.5540293650795
123.23,266.12189093839044
113.61,317.6270748116933
900.06,957.1431868253972
8065.93,7532.659833333331
512.19,380.8742620310022
135.17,168.06013875850286
457.32,323.1260304040034
9.65,68.93661021961877
12427.82,7412.354375157883
315.52,388.2274160645186
2562.11,2941.274734820666
679.14,566.0151661356898
478.1,313.6739300816291
820.85,911.6877428664966
267.47,286.7493488164117
629.37,814.1567529440524
3269.13,2941.2588428730737
477.19,477.40414178400994
3443.48,2792.760840735928
2100.49,1843.687131699348
1252.5,1204.3409733633957
613.22,947.19543480053
317.24,488.39890988086415
2347.58,2541.8318334752794
560.09,483.55816209196894
2476.12,3038.5690564707493
3074.93,2981.8299060817203
43.68,151.91911209839589
6699.43,5165.42561150977
159.76,163.76543168264155
812.08,883.5071763366113
7804.1,6281.431048200816
313.27,357.08992568322606
2198.2,2227.9614254284616
1005.03,1221.9285284153134
3195.59,3369.8846850999557
4766.65,4738.3125562943815
7003.22,7766.270673033009
2470.24,3395.9296419789953
1965.45,2536.2731799999997
2923.33,2310.303201530443
409.63,678.9773488690473
608.28,589.2371835922881
1851.54,1479.001644112421
354.01,383.62055140425576
6843.54,6545.635142260061
152.26,122.84236423786707
333.46,306.2247804271462
2165.04,2476.324521769841
486.96,556.6868968604441
252.48,393.9409555591207
162.99,244.17865968990583
847.57,716.5812996861889
769.52,905.7406806449758
172.02,79.86627165502533
1457.24,1387.7373800170142
3724.63,3555.23566258854
2844.65,3155.8013776531675
159.63,181.98306636120503
550.21,707.5150331568437
246.9,264.4479841581679
182.44,350.1972274171738
2869.41,2618.418139059829
1260.03,1643.9503351764963
173.28,155.19330994338787
12653.26,9083.855019316241
1656.0,1593.8615995164357
187.76,313.6460484927158
170.5,195.1954729090871
736.99,1115.9985790873018
56.38,119.47473713683134
649.82,508.04513239456173
408.8,509.5440125004165
2720.41,3273.424010436479
2917.25,4067.6929778942635
6415.04,6616.149164325308
1887.04,1541.7854118832352
261.19,473.1966992863588
1014.65,1095.7468740280026
199.92,321.58233105241385
780.13,858.807629366714
253.16,431.65753460234953
1166.92,1343.295569459001
289.46,341.97062846950706
27.65,98.1508513714948
293.98,398.74197558175683
8968.8,6992.092925741729
3349.08,3810.500109940622
280.38,329.75687256517705
1874.85,2029.846413936134
86.9,116.49716674990623
10882.13,11862.262199999997
49.43,75.21060421137965
5173.61,6458.164642727315
9894.03,10681.59302510888
3792.89,3199.2199545516946
229.73,434.46994075626554
856.15,1228.3754167463926
128.88,295.28525477109923
168.45,134.2003684979016
1532.96,1352.7449431251198
892.61,1423.8828399999993
1490.19,1596.6147997059127
362.99,360.9581020860938
9051.06,9922.876
380.1,258.40861849952574
205.51,356.9921076086102
544.32,548.8558034238948
160.27,333.2657526770192
79.78,117.59383886682625
644.74,709.2222462830545
557.54,789.3049245873872
5512.66,5118.086246729796
6730.48,4856.757190073816
2454.84,1858.7653027052252
1049.58,1146.1415372296112
122.77,297.1824709367348
388.74,363.13442148037075
2006.5,2974.787479448688
8493.05,6758.234293385945
811.02,697.3553573423692
603.47,428.90133606788345
703.91,940.0769000000004
903.76,1063.1983205714287
2222.82,1599.1002883582073
118.18,176.46169644212475
2419.65,3118.203508846152
713.94,801.095376624733
2065.81,2453.9274597872654
1989.22,1638.7108675878844
279.73,258.91009557665046
3734.73,3184.423677135295
1554.67,1408.6632042627043
333.97,320.4263991894888
159.64,121.19212827795674
4452.73,7256.06748005993
333.37,399.385934789251
450.08,448.50725315462756
1303.47,1123.0825903864168
18252.95,16646.110549999994
752.43,381.68101636184156
28.75,176.86872323688624
8510.79,8127.428245937478
1011.5,1279.9795661764324
84.33,153.30020136017865
8652.75,8746.050916327124
463.75,538.5007071063908
369.99,376.7596420270563
58.31,132.37032316768435
6979.13,9146.027704621958
205.13,296.1570587844115
233.57,343.9517966270105
5778.92,8005.282889255794
68.61,87.18259103331977
11430.8,10796.663266666665
1133.77,1713.3783624999996
30.14,185.61289032393518
801.03,392.8482148102953
274.9,147.750790384328
23.4,58.9873554269319
968.06,1059.6587846866366
103.87,105.37981029441369
1220.34,1205.1581011670764
14546.12,11131.6677
293.61,54.313029446664046
240.66,302.84671201408975
7370.6,6954.450731078246
18.94,63.99741866202993
2048.07,2334.550060162339
3005.63,2677.5185999999994
730.55,610.9142995644908
329.87,347.2743710525712
875.05,1152.3958666666667
59.07,144.49590046987112
6154.43,6890.144697457743
403.82,507.37615590089337
122.09,186.5010319875472
1514.6,1469.8816237581798
2054.64,2083.697540710741
562.24,871.7214999999997
314.9,341.54944773147406
253.33,203.58904753964467
176.7,327.7340900870824
34.58,81.94561731456518
1894.93,2165.082309765514
679.13,792.4020211904759
2247.13,3149.7030237159797
6995.99,7927.502749999998
134.83,167.29400587389384
659.86,633.2039905342607
674.74,769.9058500925614
659.97,672.7020001236041
1353.11,1445.9536697201613
1124.3,1180.5281010110107
249.66,149.88024710955716
353.7,298.28572695627054
410.33,398.94671499999987
2412.11,2147.01337162053
469.89,299.2483987855536
478.32,392.81906096533055
260.06,252.24143146520154
281.15,317.95639083699746
3482.37,3407.2600324092155
6721.22,5377.722876490452
140.72,300.2807499749117
3448.27,3581.6073731805877
3247.72,1390.852813499746
16.09,61.5094866695299
32.57,88.29688189216682
351.44,374.02068841998226
621.77,593.3702955174414
522.42,401.42927948505314
4054.45,4491.751390005317
311.32,341.26132649785524
1521.08,1549.0439085121025
122.84,157.15954068572532
204.65,299.7169090607723
515.46,372.40346507574606
102.3,127.78974763389942
3909.1,3118.637584103864
376.06,288.82378653389486
1139.57,1117.7583807790827
544.91,420.3399357344889
948.77,799.41265
7264.83,6154.372180208227
608.11,284.6825922787226
649.44,687.0540619047623
441.67,579.5786194694413
2243.88,1775.224229375333
10120.23,7937.676294908271
87.39,170.8433497382117
11910.95,11389.36741360915
567.96,312.8545289805511
2780.03,2336.0515627551167
3665.4,3265.8956810281984
435.71,541.5185539786046
685.37,617.568070836363
75.53,102.81738982772553
5388.86,4474.8117721226145
1253.88,1977.2002797656692
2883.54,2962.757052438638
95.31,75.08357033011093
3809.95,4265.922072794778
473.68,390.96859229676824
497.6,520.0484999999999
2901.96,3613.4847333333328
1310.42,1128.348602098187
5808.53,6678.356069153665
1709.11,1831.259264587912
104.24,65.21264378749076
4772.83,4020.440163606761
410.33,542.5596984482144
2557.44,3359.8962646928558
143.87,74.7976301043849
686.85,1316.8723163709126
4525.13,5124.145296802573
10323.26,8560.156725372171
2982.2,2419.583326388509
111.11,292.01399821849384
4279.78,3895.1311694561887
798.14,417.46982713928764
4160.8,3764.697426986802
236.65,157.33866221189174
9560.98,7548.300299999994
470.81,439.0567388084422
502.9,431.0214356461948
472.59,383.01775259291514
221.06,299.3984721232123
2129.12,1794.5676410487372
670.58,655.7878764526258
721.24,945.4054202221535
3558.18,2684.4390980336325
9402.98,9533.350285292207
8487.79,6976.321323412695
3002.74,3424.8711536837773
8476.99,7532.218507066834
1369.12,1579.207800815934
91.53,290.6751323625629
221.13,193.65604974601112
114.12,59.92867877378808
442.11,414.35015377324703
37.97,93.26492618943898
6598.38,6293.809514132483
209.4,274.68497252840154
526.97,462.9417235876805
1604.91,1345.476257506553
9178.86,10037.112927494987
467.49,398.39842707396065
3253.49,3133.0720485630345
582.0,539.4112649047875
394.4,466.8242038665905
4628.17,5081.830571425205
110.16,128.0660942045237
4732.13,4783.1233
5728.03,5635.728723097147
6691.69,5513.7532736163
970.63,957.8219638888887
38.25,53.47281651504226
619.26,671.699399727642
7148.6,8402.586067669361
897.18,1380.365968739496
481.49,474.55128461605784
6799.11,5959.061246373698
57.86,68.99879474935418
3256.57,3020.1054041539664
722.5,297.0022042341396
357.5,357.5218717619593
1169.36,554.8514323249069
231.46,276.7036699339776
288.88,328.7901811570149
469.43,469.4693395376711
502.08,458.15119859760557
167.06,290.549966966167
290.03,295.3633823398284
6614.07,7560.486803294857
212.43,263.93634712924626
9226.74,9955.908230468778
1278.14,1402.5287979420284
363.15,497.13165999999984
787.05,917.1022831267418
7434.16,7442.194606805556
901.28,691.3390862415218
684.79,730.0064228078675
5360.07,6802.1453936640755
524.41,619.6062520099218
11534.87,9187.156682555555
2383.21,1704.2284719094453
1307.49,1033.543267877847
144.55,261.78290835623915
4524.66,6744.5229567228935
858.22,812.3791585550763
240.93,343.2964211998404
231.29,316.3076348267105
622.76,564.2363868944659
887.98,886.523999105339
3742.82,4393.746684211429
1078.07,1368.4182491176477
3413.86,2818.317524188311
184.11,205.29934015520905
1843.29,1373.9494153546423
17.18,41.06106692409571
4064.75,4526.116617195534
256.05,390.33984858486264
577.65,392.73323188691677
700.32,817.3074185835436
4015.65,5146.731317076793
175.96,417.23253415280755
361.16,190.8495676450602
473.61,304.84592383050045
398.33,322.02899343203575
3557.25,3444.26204522221
3179.06,3541.0517142687004
441.38,620.5783949055023
1239.92,1188.4855676935172
1980.83,2525.538120583304
1885.73,1723.3229148408718
374.54,447.3805354277787
322.77,351.79309380081315
2765.13,2711.148869676168
355.9,291.77920529103926
1922.8,2425.760653701102
9987.68,7795.6995164538375
3192.88,3556.0363386922404
175.3,308.9520329830524
1443.0,1636.2070740899496
247.5,265.4707558916595
9553.2,12996.918630251326
243.51,272.8371585010799
641.61,597.2109381881758
1622.15,1433.5314658928576
1089.69,989.1928086040072
3630.51,2602.9665379092717
457.24,501.98248001444136
704.09,984.6733780555554
5392.66,7199.307655430594
101.92,78.67579491709351
5098.16,4870.50327468254
381.42,355.4508617770873
496.88,389.6651055938306
7999.25,6524.908277192666
9462.71,10618.243268010738
5687.0,6768.054085375267
1967.71,2059.037797477742
2097.85,1729.3332756492791
1264.36,999.6584835091776
251.64,366.43076048214755
3699.01,3848.054795019472
43.24,74.55322764434194
684.33,450.04549514029947
418.14,525.8749680464437
386.73,364.4578428177813
4672.57,4579.299899462886
153.19,263.6448488895574
44.48,90.27732152840423
5797.51,5369.314538184535
48.39,65.92128014196116
1082.04,948.0906592771412
1331.61,1465.2174
1633.43,1281.1633039285716
2427.9,2489.3060144028236
1071.65,1068.5843416309522
5374.94,4575.421287424298
327.46,396.5272101106339
9.69,55.484537504877
1768.63,2021.2137143813131
307.55,360.9650784899974
2595.67,2931.7521500000003
833.24,850.7127100151407
405.87,297.2531754294279
723.09,503.80887570709837
2740.43,3440.477345935048
3138.77,2381.1987226378574
1564.9,1587.5104333333343
2202.69,2039.4117600463558
688.54,493.0633279578054
2776.14,2041.0571037273455
826.48,949.9654991800539
4723.27,3324.9934947851575
368.03,427.8445013340233
1511.05,2244.918812338863
302.71,316.82114929051767
464.47,407.20840397264953
270.26,413.3225724528463
307.31,279.1876022280526
37.03,101.97960863827907
5928.02,5802.11911427687
878.5,936.8570021428573
8760.14,6055.7146028258985
391.89,616.0046367175415
3546.43,6107.01249298126
7807.06,7465.849412725781
3656.59,3727.4104316799126
1596.05,2001.0450292324492
2098.37,1655.4507480540292
378.71,426.9805639850638
786.33,631.8386316870776
233.0,411.34691762834206
231.19,253.82890699220246
2791.72,2206.8224426133465
1928.4,1072.7687749485092
2338.42,1655.801105606762
2080.17,2071.985581645022
511.35,642.3552993224959
385.94,362.9589743677625
4399.08,4025.105622156517
12.82,145.52718512560364
356.47,372.61379605278023
1724.19,1358.1033206631796
560.98,337.39195398716686
879.31,903.1094519560571
1489.92,1373.2626430179816
509.34,354.5155331565555
64.28,101.74755072145082
8528.83,6864.521171950794
3801.29,4026.0648400874297
230.34,281.94649065127436
5643.05,6230.063890301366
401.17,499.1506231503188
452.66,356.0368373923487
115.54,250.29650236202667
7267.89,5620.0864836052315
1298.58,993.382346666666
512.96,691.4443710609793
4272.13,3655.6208000000015
579.75,707.9332134523554
1048.88,1273.9880367961025
972.24,936.2961957142855
411.99,410.7208793399769
949.75,1144.5290058900425
4756.52,4891.263020834585
54.91,118.59458069363616
2455.8,2791.9533162900298
718.55,884.4147333097296
1481.59,1369.796375266719
605.67,758.1746759685352
238.51,203.5878920835798
56.89,95.57674085330802
1177.75,1096.4804218301026
2030.37,2102.819668578088
404.1,347.84731694361375
165.06,234.04824708272238
775.26,548.4760984934624
1731.98,1628.806395566062
3552.58,4233.885449426651
1191.31,1812.2792565552163
5257.81,4516.379934571086
243.37,218.62759968692862
137.35,133.61490159019834
234.86,313.1072821573986
374.03,305.91529885430555
7052.93,4476.911750007624
279.31,353.3005722812238
442.27,669.4370335223317
3787.84,3670.921074973767
251.92,380.47854525606044
12.54,62.92211589929223
1924.49,1606.5248816666672
385.61,482.6116244034111
5425.61,5347.057839995195
1063.92,1250.9859633333333
170.74,341.24171939621357
1168.01,1024.8204653174603
3192.45,2544.433933224965
3715.51,3794.4842136647353
362.11,305.18190256578697
8609.54,8150.905248327487
125.89,193.84834870613685
218.5,238.55043527113656
3406.03,4390.004112275719
4274.64,5644.30249722706
151.73,116.3165767011619
5228.62,4948.822633333336
577.55,795.8402167359822
2681.18,3441.7727767024685
1347.23,1922.856937674222
456.09,607.3964530785497
251.79,402.5449599520236
479.55,602.508903151096
1138.31,935.0926641842489
1934.85,2162.072606866786
4326.71,4206.162964945467
6855.15,4707.212101269425
112.37,362.98972112689944
305.82,281.7747433580005
27.51,74.53944863869599
744.67,781.29008622187
403.03,469.2567154248367
1998.86,2053.1783457668935
255.97,205.534944187773
1065.59,1303.511660716458
422.33,391.83510819659966
797.76,966.6082513662728
1023.83,1139.9554652259872
12.65,53.63125879705436
85.07,118.06493350074886
2504.39,2601.9791250000003
12.16,48.328943133762344
3015.67,5455.429055376177
274.42,130.29719825514738
2877.17,3615.4069508628286
3638.24,2939.0556559234474
3349.38,3810.061591245938
2805.92,1943.925361787336
1804.25,2090.3137563888886
1154.86,1476.458796854257
279.81,430.2994890847245
6099.64,4627.2469822075645
9335.87,7890.0596095238125
21.83,58.75192357259739
23.37,74.34803777630079
3262.56,2603.848088762109
583.08,580.6653232612126
9916.31,9259.624235567559
1423.84,1226.7294407205172
10685.87,10510.942385004191
255.46,306.3544331255222
3531.34,3578.794501470587
6890.41,6382.065926990673
1098.09,898.6204003890256
293.16,402.77367855158735
6769.99,7578.791808333335
3116.21,3667.8148952561337
765.87,629.585401634816
5770.56,5437.829124668036
130.96,237.17827833632742
586.59,800.6257111836125
525.03,374.5452209837953
722.7,944.8829831818178
4789.23,4226.257865166405
2855.5,3218.6699409090884
190.43,258.19448959527125
439.35,292.8347223946946
341.25,344.9419123426147
2671.52,2518.3256339355758
138.64,328.1232039693287
256.03,426.15412584852885
4538.24,3731.6304412052004
221.48,276.1931884025527
352.69,306.8562469042305
3830.99,4866.955459999998
361.35,384.36480396176535
291.25,303.01661406439007
311.7,348.0110119182498
477.16,649.6271226136855
3894.47,3874.8680704811577
2513.35,3683.070695396621
412.6,467.40587811109435
7300.64,5643.174685994691
292.13,487.0143369864503
4385.33,6055.0566835014815
420.73,353.50729329659515
2873.42,2912.5869097752743
1213.3,1268.9468991240553
9838.59,5662.4018035690115
37.94,89.31480895286502
28.76,81.07183809066913
4772.15,3983.942300054111
8396.43,9604.47905500152
3396.13,3420.670067797292
12698.38,11541.071720000007
6717.56,5174.365852597405
177.5,165.06367919011132
11408.42,8570.468621076789
10254.56,10011.125028882781
8179.47,7405.168137008036
413.37,414.46497666300587
3254.02,4063.2102676365575
272.12,268.8079171192638
1665.34,2086.8853668783067
14003.68,11643.265370570642
3849.35,5943.344690582012
1130.03,1321.4880572956451
229.22,275.0709713744497
2832.09,2750.8209456214204
791.49,840.895729142857
6428.72,5662.377127060755
3279.32,3277.7724803030314
468.38,619.7598057032576
70.38,112.05216836968337
78.8,117.19058441853684
577.78,463.4334351182649
87.62,141.88923478713195
2067.57,1729.2930291666664
11432.0,12099.654125177469
4495.43,6259.401953639386
3804.76,3496.5869183333334
262.86,421.3486138138731
2009.61,2191.4337942152288
354.37,273.6161494563458
421.45,337.3892306356705
72.44,105.9863171680463
350.19,320.85364626672197
2112.81,1556.5166606523637
7943.93,9055.12796389999
815.04,1003.9634957178939
704.94,482.60230168980416
868.68,1023.2356505516716
605.27,308.4412003202652
5465.82,5606.160743958012
6662.81,5725.936381936469
8351.48,6611.3277667591465
378.28,309.47904567413593
2178.65,2029.2044356876168
393.09,474.96328311677405
173.65,283.86152508073917
392.21,205.3003790389846
1976.41,2234.0130498778994
2432.66,3452.6804317086826
424.96,284.7707245963165
222.41,379.08570142713086
525.19,423.54923813244864
1502.6,1424.3836623287598
1019.8,960.0494664335664
62.2,136.87345013679962
14001.29,7086.699346335375
6372.36,6721.889419123627
92.53,52.46752817493572
4931.91,5153.003155396645
266.35,327.0262950425594
532.73,745.6011027956038
1996.27,1941.0038566985636
595.27,461.48993902924036
1009.24,1380.7341616666665
325.13,322.73751493070654
6015.22,4574.349928531609
699.42,735.3638704814708
166.73,184.60564711065203
51.42,68.69368563496867
1014.43,1467.0790956468463
4064.11,2559.5699921845858
143.46,301.78003984413044
63.82,126.99942388807156
614.92,661.4698236374246
6042.8,4743.5857917574685
289.56,308.8133327885808
314.88,252.841492081074
387.37,333.7298328617606
4947.17,4664.734722068854
23.79,89.90497016403307
270.46,379.0246964794302
34075.61,20625.061899999993
3132.41,3575.6495175714263
476.87,647.9996812121212
1929.73,2292.2880399999976
3714.22,3666.2477385890747
4001.06,5647.69148125874
610.65,698.895932601074
338.63,290.75903272744637
252.71,258.5430400317807
6394.58,6531.055062916417
7237.14,6669.920076509641
2847.78,2877.326208007873
577.25,825.1348078109995
164.87,260.7692011968152
4892.85,5085.056112822362
120.97,282.4002753845345
759.43,785.4853121085769
4758.39,4697.999162068743
744.89,962.4454460153961
3679.41,4474.299487706554
836.41,1314.341108398931
440.98,351.7427635612743
1679.23,2697.864516708339
909.04,1038.5979172552738
339.66,366.66378628958665
569.63,780.2875162734322
11537.05,16093.234569803923
144.87,191.3104753882217
16824.03,19834.696899999995
885.87,873.6119077507373
2083.19,2077.216367929293
923.99,931.7254562390035
225.54,242.89624465163755
331.07,304.43003223981424
28.17,78.2886908407989
326.24,296.2220227532598
312.21,156.7620602929602
9761.83,8514.319903809526
234.62,299.07212049646523
395.48,357.8996216666665
10330.42,9414.924282342514
89.44,91.9256085418841
338.85,433.54000320536596
4687.87,4672.29110864033
1462.57,899.2979114868507
44.29,84.18670834184253
266.44,289.51966292969394
10185.59,12825.487582823927
1779.39,2369.6383783188294
95.56,127.27425129841487
913.33,421.20751136134726
1253.8,1454.608236369048
489.08,506.00369950909
1512.68,1512.9575479459372
821.95,585.6552859260045
5069.09,4181.393678460507
3880.96,4138.25379502134
506.81,429.80918406109004
2796.26,2798.442710006948
286.95,255.8434483007265
2416.64,3161.156199999999
197.03,283.57987931744526
2076.4,2243.13781277747
2232.89,2584.6713298776067
2475.98,2739.5071389406576
62.81,124.75058902478429
162.27,252.54874684925818
247.92,467.3520426569285
490.56,531.6325148883036
4822.91,5163.78346734318
334.14,262.2791389737842
325.23,289.5205005101212
32.68,79.05478757491461
1195.07,1072.7314713148576
4297.78,4028.308922525238
3710.76,3337.9190240922776
411.07,522.7907271979565
1100.01,1133.5357829788322
327.58,291.4659536768572
199.1,362.89094363150895
1455.26,1555.622415728237
5090.77,4558.421768833344
7614.15,8286.597599999997
764.42,783.6112268598173
287.54,412.5985622473583
4595.91,4266.2688418634325
913.64,1138.7372140329892
720.32,320.9075496175003
49.1,125.57120632768259
287.83,364.865726718197
1569.03,993.4880182654005
263.13,72.89867852483253
2354.87,2649.501385955491
53.3,162.48791616171331
507.0,472.15981108070713
4820.04,4571.771716812841
4075.46,3518.2612202040677
1280.49,1276.4903335369213
4790.03,6092.4911111772235
11752.04,8713.574991052315
732.1,860.0028865121957
1539.95,1866.9332384970905
335.42,400.8930435531662
749.63,825.7992878739947
380.51,470.32241293545053
3222.98,3363.0827211505316
235.05,339.9245122336857
3282.85,2677.3257980735925
7972.22,9133.025857307866
6500.79,8810.08427332065
504.1,641.3714086501536
5737.66,7185.67437332336
3371.37,3412.743162539683
566.87,669.0189765476193
12106.33,14549.850075000013
490.11,492.23150173662145
967.07,902.0367736188815
1390.0,717.5531507142857
4480.53,4758.304958700815
442.21,325.71688716034953
2477.42,3332.3811950009313
9696.79,13062.462558333327
6894.76,7014.6579113582375
2005.92,2032.4572298551868
5303.62,3797.311551745904
1739.88,2544.8406945696524
203.6,344.30175980425287
318.09,281.69917117331215
4633.96,3748.5211600141697
342.33,67.38604644843349
1541.74,2068.1052259847297
638.04,660.4113959063388
548.18,328.1593563847231
49.42,100.48339600879002
3628.45,4286.304454604816
654.5,362.3354114798424
7351.8,7072.014733139017
1020.85,901.4741999999997
9042.66,7883.791092972542
2152.32,2107.0731226594676
2766.78,2766.4518181710846
14220.58,10558.956215837006
178.59,265.97867021477435
2064.02,2725.436074017145
319.82,246.9547513171348
910.02,1140.7734129202834
1432.55,2014.875966928899
4542.4,4695.710529487676
889.82,623.6456051267658
3330.59,1972.9562155066387
16354.8,13907.46913718864
151.4,303.2002017224805
573.28,570.6801058989263
8148.32,9769.066075954888
281.61,408.4399551847657
1543.43,1430.363060675529
2042.33,1720.3918252632761
400.01,346.8203420927585
9617.01,11765.682460546137
5979.1,4390.556569887469
617.93,759.6527366666666
491.69,381.86314883235025
1579.05,1454.2679990277777
100.61,161.61839018662988
331.93,484.47680154614346
6476.96,5984.740263707793
1108.55,1352.5521422406505
4670.78,5121.829518484533
5573.35,4828.2250795104055
533.6,839.3460470644548
297.42,384.08142764184794
182.22,355.22816722625146
4768.94,3220.5490506349215
1229.23,1237.355895402789
348.56,414.4315124595274
33.23,76.98688943680503
6861.42,7529.747818666489
255.03,430.9439958847703
7580.81,7640.171350391142
271.69,210.02418765435792
1188.5,1367.5099344607574
220.36,198.50870257619397
4969.53,4765.727783276003
2360.17,2974.729825555555
2876.85,2787.0169427405554
191.07,309.2861565796413
572.98,453.0311633120611
3510.43,5085.042195512186
1696.54,1721.557937900432
468.66,323.4784223654313
384.57,282.8207765284665
3397.36,3566.951019377814
452.92,255.54165727648237
151.76,136.67700436968164
5403.14,6570.2274152361815
9477.02,9094.239238324164
383.65,284.1810688435948
3405.61,4588.961889396469
703.34,833.3992097479687
2645.73,3598.109355521268
4060.12,4489.3125845175455
1332.85,1431.07286327338
321.73,316.77522869981095
517.97,466.2065243781848
2450.41,2069.4121036159668
403.58,410.8694810688558
4252.0,3067.37168261347
2832.86,3862.915555383307
6865.17,7407.249214459208
2091.62,1472.3866582210428
10560.75,12201.885570837952
4669.75,5360.600610984879
9.68,56.91539366158917
968.69,759.9586794733046
3338.87,4192.859189797685
376.62,547.144095635951
1352.76,1596.979291940718
2661.29,1906.8666131421496
1285.29,1308.1128268914779
5586.67,4601.412740867996
561.89,440.2333864018354
1863.97,2317.83219790261
2368.85,2754.2211473737384
198.33,271.5268614425018
727.6,691.8487206064283
729.33,829.562703161178
698.6,855.2424558875827
12.02,59.62761993417169
1793.74,1961.2933436962644
124.35,182.71726327103693
224.07,313.7780913423088
191.64,244.91307830114332
182.49,260.6603190116472
10150.51,9185.853419579918
12.48,62.98265986367214
73.28,86.10258936550532
659.9,599.6129753571428
2356.48,2455.0018087662347
5136.78,3946.7262485448487
2738.48,2707.5050688967535
502.6,450.14527097696504
570.4,661.085137953645
1591.04,1431.237271103565
1695.89,1574.5669944848612
509.7,635.4258378331632
178.34,203.73520329166607
2725.37,1808.9164775671013
642.9,463.78254226957114
106.56,157.71630445258606
191.53,289.47697537459715
1825.92,1800.3102069700349
498.07,482.23105481962506
375.73,336.17209446565835
3528.48,3693.9245142248346
600.47,561.1286970120716
655.14,941.1469256913
6237.21,6158.96353562349
905.51,1059.1431949609253
247.24,389.43868452995804
2766.46,4226.4882192307705
866.56,848.1353528571432
36.69,68.64936184381872
2541.38,3126.5718520877795
1272.88,1463.5428956914125
223.84,211.95656038419915
5869.59,4405.970194894966
511.2,480.71359048286536
4886.48,4919.983675684453
1554.93,1890.1771634010263
441.5,521.4501587356301
454.07,277.18926118935053
94.38,57.6739831209154
201.92,75.20343691847795
218.15,267.3772104650601
223.46,339.8157333962134
217.51,253.1891915636348
15435.64,12520.980792547834
1779.66,1915.1245579545464
421.62,460.92000078523307
1347.43,1743.177169516594
470.83,273.43749848401313
356.94,302.64565327538133
6047.23,5378.501686252962
2324.72,2623.1365125000007
51.16,101.3438047721042
121.14,101.33806374399983
786.12,787.8894333490551
1076.49,916.8189843741982
359.84,476.42478717395994
510.22,352.64959479226883
12.14,68.90431020327428
1920.51,2085.316485354123
8271.51,9071.484538015877
3020.39,4561.201828843067
219.98,318.2773260605411
382.31,478.4760842391627
2870.83,2805.341770924239
453.31,414.9161520205258
6419.77,6438.965808095715
5047.46,5854.215936980339
1877.31,1723.8600745962374
85.64,266.5687294188098
5596.68,5722.5539406003445
1407.33,1363.2464311038973
441.36,476.72436667895056
362.39,348.3611031369951
548.19,304.2589816173385
1538.61,1526.461336875337
12.71,71.68504034641627
3333.24,3102.778787704904
4429.02,4244.384332098858
404.86,397.0304717812196
3880.72,3851.481500244315
7433.94,9549.046150074382
266.85,269.3988819999017
2673.58,2907.9112340476195
1794.03,1800.2741147452305
590.95,521.746929324464
1242.23,1253.9099953828315
2770.23,2480.201212838185
257.28,271.421412108449
3943.91,3787.0252719676155
728.07,1241.01112662277
1250.12,1579.6718695238094
405.01,395.7549897392837
1651.05,1563.2963491981793
2421.73,2886.8995059203794
4578.22,4444.405658202991
552.56,836.7681724650195
1023.19,1247.2418600361807
162.27,101.24795965769569
4208.1,3223.237058952342
2606.56,4196.501822467561
974.75,1035.6770043601653
1866.35,2306.454267370235
1188.23,1650.1864968031718
389.62,461.34828193322045
84.4,55.84676200827767
2246.61,2711.2733929983724
4138.43,3637.684807900924
566.26,592.0093251714253
32.34,113.66894317271117
5242.41,6307.913460353532
2609.37,2572.187719930322
2176.44,1888.9864353174607
2581.23,3847.1536593212713
4836.41,3308.0237334881385
13733.37,8317.11147
2769.47,3003.460460473892
128.21,334.30042453441826
298.15,542.1721844023467
37.03,70.94846666474497
4371.4,5000.248164196909
4164.32,3447.115968397717
6904.65,5576.6262139287755
3468.18,4394.429050674883
2153.13,2064.4871607649434
55.18,80.59536523611135
7370.34,6630.4276299873045
1683.04,2424.8659585064943
9908.37,9000.957011509981
5424.77,4872.461129581552
5100.09,4445.405685604409
227.12,325.6155333498467
539.98,476.30132663733946
2711.4,3244.537464496337
11233.78,10290.156715238094
812.36,729.0614963337975
3348.15,3350.462304105552
2730.73,2563.6170796617557
184.25,239.1820717948719
521.78,463.92517777777806
355.19,404.2457584303371
5902.29,4875.673248716355
2571.89,2839.018439544698
33.77,72.01658408699276
4478.96,3914.512915564859
968.44,853.6092640746942
38.74,121.96767501918734
1471.75,2328.186958201261
6059.48,6751.582744609533
289.27,333.11684702284896
206.01,204.13261152100858
2438.23,3083.9099434696923
10649.04,9366.940302955163
305.09,395.14390428939856
4594.23,5016.7664774511095
209.96,227.775248818078
3791.73,3631.117160197117
181.03,189.69089643112056
153.64,180.07530006882138
852.2,863.2029067710147
253.34,358.096800672268
2218.77,2173.85559874862
1910.33,1734.968394101218
69.74,115.68832874902877
263.02,346.06191818316506
835.04,1467.2729001580894
69.55,113.28517851625844
1146.89,1017.9708588141023
790.58,738.7138649498027
993.48,1234.4252368407103
1413.18,1356.811692933848
4299.23,4555.523870202193
1546.71,1650.204492301853
7544.55,5833.446186587878
141.33,135.74689325572731
108.82,145.82772985377582
383.87,316.5375585735177
723.34,926.0723000096668
1397.02,1321.8100988536905
486.41,83.64319093542268
3064.51,4324.4581783333315
602.9,414.34678012113795
387.93,428.5189372586836
4148.06,5196.553593701915
78.85,115.56571602134117
1604.4,1457.393628726087
3773.69,3194.0242279965964
1163.26,1581.7150449999995
968.93,950.4516035046087
6445.42,6241.291840978552
268.99,464.081590903722
7162.55,5924.973748179207
1664.86,2200.6321634842006
155.14,225.6605303563823
607.39,625.1166481923443
540.76,456.63740033752657
5138.3,4167.942502982105
1066.87,876.080968521581
2806.38,3681.1929177780867
12.08,90.90713250230132
3199.87,2865.187807790827
2317.94,2643.765651678242
224.44,513.8198180451765
795.3,594.4955840623361
7641.81,12327.226848837745
3574.47,4109.712592288281
333.31,424.9917199635614
710.08,718.3131091010099
211.38,324.2262419886761
146.5,271.1048057671018
675.49,460.31152590071974
2946.07,2380.8434797619043
7324.82,8546.09859201965
372.89,354.71757549233274
343.04,321.3816591063215
5147.62,5646.85568122616
4559.99,3995.6311983665587
740.65,729.4321595238096
967.49,1451.0230752467414
6007.95,5673.94119861849
530.07,357.492912305436
2952.43,2346.626576259337
374.76,475.81673088744594
49.25,124.94054949518471
551.97,567.3327219737753
999.73,748.1631504736938
202.54,279.9104894351187
549.88,311.2611940327618
1449.72,1650.7227652526085
1992.32,1886.9334499453169
705.91,782.9199650602171
2562.11,2216.2367344979302
263.5,324.5971754050017
2117.64,2279.6338941921504
112.88,98.0873649286027
1922.67,1704.859071267718
4634.03,5040.436522619046
432.14,398.38912121565124
1833.09,1841.8066394672796
532.39,640.7799065903262
127.06,315.63035413502945
4208.93,5721.681391949928
2615.05,2268.96423721136
329.9,430.9509795372904
173.72,146.56825488609996
5552.46,4237.582064969406
1329.34,1378.6164278129413
67.2,89.37424264595967
685.87,1044.6659758527949
275.71,161.08736442058714
2084.1,2724.0872730130086
1813.83,2078.8211963623453
405.47,79.70623460805119
258.72,363.0276224708278
4890.72,5130.7799336568505
217.96,269.345531410498
739.92,834.578359636374
650.56,667.637528717522
2152.27,2950.904936313328
4898.25,5564.261386780762
6335.16,6110.113475964018
122.19,212.79010957053575
217.45,360.0281789248969
1107.94,1367.6545885714277
109.24,138.46819269754852
6693.86,8707.275607138685
23.12,105.48583834056888
550.72,607.9769768950497
2567.96,2993.102091500558
41.43,91.25393047836418
9063.73,7091.9124999999985
3454.0,2851.5871320967462
4773.69,3613.7734833690006
233.25,258.7878396085182
655.15,729.3929118002918
3170.23,2976.7195188232117
5057.19,4707.262440004677
7091.28,9577.819627420451
979.74,777.527291806977
1109.64,812.6788325180876
2235.42,2389.3143479766427
44320.81,31340.446600000014
452.54,502.53865988536984
1051.29,954.0667584284446
5313.85,5230.722670081853
3426.01,3931.9377038263206
1400.0,1213.6897459879683
3968.65,3133.5357155916317
992.59,878.7684611111115
153.3,260.0921365153451
10036.92,10028.354365584413
16.89,74.69748238683391
302.4,306.66470135206305
9482.48,9835.535378171155
2023.18,2358.8960868101694
10869.76,11073.966384126596
1343.92,991.5231029304035
5338.03,5772.644853888982
12.82,47.14719023714869
516.6,225.2501006346563
35.18,145.7890015655551
2900.12,3160.237377063493
2319.2,2016.9701906024463
4174.92,4614.270095861085
336.88,431.67823533522926
158.76,288.34259424177327
152.2,200.8516556333803
547.53,540.6000115458837
228.42,62.77412314202017
4627.68,3937.2557533293334
43.7,65.30358424052167
2541.41,2153.4859260055327
584.44,407.31625511603124
1725.96,2039.516050917166
439.72,430.9855705194122
379.22,319.34802377684406
1422.08,1937.3354647415558
3664.89,4831.090051403494
2821.41,3884.673725087721
5042.83,3733.687922150978
8658.46,12484.729630386479
111.65,187.25932984832502
4331.0,4166.811348266023
5295.31,5191.943637703858
23.03,67.25915890276198
4757.04,5469.848716930104
2201.43,1941.8777436342816
2879.44,3007.495516180244
293.22,353.44053240900445
7303.06,8434.534075208585
548.62,625.2987485423656
7270.87,7098.431453702791
3119.06,2516.394416639026
1789.09,1906.6151614399691
210.62,374.31363210661067
6409.05,5849.645763729953
301.86,376.49265464019066
2817.86,3022.4923518131855
2847.02,2486.7973843073614
127.13,153.68043451670238
5653.46,5765.870050714881
3551.1,4151.438368969765
703.21,703.4714350766033
2487.44,2555.250957118622
313.79,283.73396388458036
4773.0,6121.5072819925335
2476.47,2724.6858907811875
442.49,321.8715549967521
5796.07,5486.780064328243
1236.69,906.5724401078006
1935.49,1292.9296453180984
357.21,369.2427481277341
131.01,108.76192476945356
1414.48,1881.0808797829027
703.93,878.2743063095736
1010.1,1359.5610000000001
556.11,178.40548282924323
2161.75,2020.731951923077
513.77,308.70383245866503
789.53,601.6590437153268
860.4,753.9341522954148
675.56,1118.5339219767957
471.95,261.0332718931646
804.82,890.9011434132472
304.1,274.55675522336844
1406.57,1813.248401741462
49.38,153.1100009989922
316.51,391.44697475382293
168.51,326.97398918618245
271.88,292.8395295264188
226.91,226.62315081772627
594.36,792.9856730719313
2409.28,2743.8725600684106
85.37,136.777012957277
3067.18,2358.603280908131
11.6,53.88222550316326
405.78,420.2869031078498
5180.49,6756.35816911916
367.42,313.01367771048945
450.2,271.3665051901705
1776.73,1725.8023077909797
5455.28,6812.792730506949
1470.77,2714.7232238618326
5850.89,4722.799241763017
789.14,433.3311476764832
761.28,623.4004840953611
110.56,186.7246109479134
176.25,98.78429304178306
812.55,1071.2512443330522
291.81,272.82720212451943
56.33,98.13631747551045
596.34,662.382559523126
215.62,277.68878966942697
240.61,441.93461231012725
433.88,61.61892511887245
2799.23,3557.2342661102243
1930.8,2056.5800067169266
9229.01,7989.571196549801
1832.14,1710.1940355385748
995.84,1535.7556359625191
4000.45,3187.4090938919403
262.35,320.6325875372274
1219.29,1713.3826764069277
1366.02,1071.0200021447326
669.57,305.3044144268382
226.57,329.4801848007652
3770.83,4119.576600000001
525.12,347.30853193329875
26.7,67.04964123586174
66.35,130.78271785024222
8908.65,7278.261157775863
11411.49,12911.264365051738
5981.93,6451.820567884456
96.53,109.8255552268078
6669.91,5529.063411016154
4007.14,4179.951119089002
600.6,723.4986161014841
1904.38,1705.1175765000007
461.42,338.00420640048617
16440.36,10781.449199774663
2177.35,2450.441110739425
229.99,314.1562911748107
179.48,222.1252433883344
724.51,769.2371982027804
180.66,308.2029613099093
388.13,285.0936521369847
1447.69,1700.1725699999997
202.62,168.21887628073858
5433.47,5344.758751222627
47.22,124.26577936247382
1073.21,976.4352760207333
2290.19,2706.8389293755986
537.98,320.04102173059175
34.81,72.47888251944217
756.79,430.68320439746594
1856.22,2181.270392991681
7950.82,5653.805129638731
1431.82,1669.0726073491544
10532.01,12489.586396612187
3621.46,5885.158367735257
398.37,343.794913932632
111.41,139.54662697513038
569.09,662.41170723278
327.66,533.6202057429716
5271.11,5306.976929338721
197.53,335.1941848607627
578.81,651.965229362197
1938.96,1723.6657864691035
698.5,342.68478236053505
57.66,60.68030941549026
131.92,314.7810810145369
3520.87,4989.86528927981
4875.31,6193.591092189901
336.39,423.32204975118657
516.03,580.5545357142857
315.34,320.2990311151777
346.51,321.1884297689715
3215.35,3252.8019759377694
303.36,194.6035031608729
3992.51,2860.1963592305337
5738.19,5822.751342805208
93.43,101.40242120162688
3341.54,3802.9686966666673
372.75,463.6139740214825
5715.86,4714.563633269025
346.39,331.9641531598856
304.96,273.3291047293966
790.53,926.2312545767907
10110.7,9727.921203938045
3879.73,4708.676349044637
3955.41,4339.3868500733515
5069.34,6693.799900000001
90.47,95.40418936971089
36.26,101.4203446113521
334.79,316.7437300601403
3312.77,3492.1692671082774
2159.83,1718.8098992304967
215.03,308.8665424932827
329.48,340.75349454003737
2426.46,2686.306928333334
105.86,174.70815053302908
33.67,121.5415478184782
429.45,406.0570785285027
597.46,263.72455012411916
2800.87,2284.711755266024
389.65,370.53783009280033
330.67,469.44333447752274
6816.77,6341.93543866667
539.27,260.995904488452
3062.84,2896.4111762783145
6255.28,6079.422435090978
1228.7,812.8156290086367
562.54,460.7473351877038
2478.11,1919.5121362711577
49.31,70.41135398915947
12.25,65.10228070811232
3483.88,2677.560128815798
192.87,303.4639880522807
2341.43,2503.7505272619064
6839.79,5410.051653347248
5234.57,5859.461231168945
820.43,1066.893916579791
1263.71,836.4759294072594
286.51,270.3212823804029
204.33,171.8907674802934
1511.37,1603.207669759269
4010.37,3948.2503371923317
2372.94,2315.4180046807064
8572.29,9230.517049863049
730.41,993.5409437681161
386.27,444.2298628089442
2114.72,2560.1889202371535
352.12,265.9031477438148
8492.43,6398.557144448614
627.61,658.8939811082761
6297.92,5879.538909358987
15.08,63.2435282582413
2350.59,2188.5994410764265
751.71,778.7671465591402
4450.88,4982.494786969696
4150.19,4369.090492488955
452.47,317.6281593023943
2191.4,2652.515523095238
5745.95,5257.391226285349
710.04,597.5666683333333
5418.67,4446.809477092184
8461.22,7785.339226393469
933.07,746.4821802159245
459.27,316.42857946667397
5529.95,4589.650967255556
682.27,882.8292056807086
221.92,227.9187461063532
531.78,552.1470419162212
1498.2,1476.2287929372585
2695.05,2561.4442460411096
206.64,299.313919040959
274.71,261.2731551748034
236.47,308.99254297191396
1769.89,1985.9866032017496
6550.42,6498.720471085847
88.79,144.04268531879444
2418.08,1905.7281121311844
218.34,348.41569357699956
1707.12,2571.3062621494096
3111.26,2936.9358380952385
4176.2,4546.971793333333
454.57,421.8027362822175
2363.04,2829.2258407410914
487.21,480.8820455526732
1832.54,1201.5897866958032
178.94,332.5167413114657
1444.96,762.1348283208832
888.56,347.58554315460805
745.29,762.4059509126987
681.62,647.0646290644866
5552.94,5538.601738666688
3975.92,6317.736800000002
537.9,552.4124442392974
1184.68,983.4279890360333
384.45,372.76672195176695
4702.41,5547.746166480187
203.84,216.24866149292797
454.16,311.57290327068046
2170.64,2570.203709450549
288.39,297.60751772437857
1928.81,1711.8466503959894
43.94,83.91247251179537
10007.43,9678.429925436532
987.37,1007.3048249686988
4675.74,5040.845663690729
1733.89,2222.729628661389
1439.8,1741.3696202887406
5234.4,4674.3546441609815
2549.71,2533.164437904935
90.09,271.84326736184886
47.91,87.85901997403795
441.6,514.4584364581815
498.68,671.1904144087599
651.34,592.9398
320.79,293.7800095113529
14992.53,12807.45896732459
1502.85,1747.1448699999996
47.49,157.80804264157356
330.9,301.3385115895443
3141.62,3129.767859545104
836.46,761.3209470949498
251.8,337.02119706651104
165.19,128.28207068232427
409.64,431.9843880025895
2417.13,2734.310934409831
83.79,134.39575930855707
137.41,171.47156285606422
1498.14,1191.1182238095237
350.43,336.462541555668
2105.28,2225.6670236111113
977.68,930.1405177380948
313.28,249.330516065371
2462.71,2277.599537161312
236.5,247.9669853695129
636.71,582.1453163252304
12.66,65.31708031343068
940.75,1029.602797287912
1584.79,2118.027454256794
6628.02,6390.726533760969
6484.6,5826.1923930641215
526.92,360.71528395261674
318.12,348.3808781397731
2556.42,2630.040932115296
3451.42,2265.0708145735784
2193.23,2276.9984214682536
710.68,388.13774785342605
4188.43,5154.7830055508075
4392.12,5095.1019760584995
652.81,683.6626100595831
937.54,733.571874347042
314.56,409.22838961072534
596.97,298.9241125719896
2397.32,2184.3091497875694
2947.34,3088.6344967374184
194.56,209.32803000000004
21.39,82.21622443406481
400.23,428.5690988291283
5445.86,5919.706707762177
1158.84,1108.2014480167686
406.3,352.446469841778
340.61,376.434702963962
285.56,342.22367186191826
796.67,758.7545016336867
75.82,127.16792949168712
509.87,437.6764407291453
1690.13,1596.9048298668004
238.82,76.6482902231865
11362.31,12886.294151614396
3602.51,5582.29793984076
9303.64,6374.162806976544
5963.54,7128.168384905031
2124.55,1747.8520846064746
12.38,61.201374796450956
1083.51,1281.1964299604372
2632.15,2894.402722492347
855.73,1324.669085812976
7188.19,6767.229807262184
69.3,149.49613849552176
78.97,112.29442158803444
3319.22,2937.8884634542464
108.7,160.94477760363532
3308.5,2873.8341981952194
358.74,392.63661220440025
250.01,252.10848169386182
3869.44,2946.437941838281
1025.41,1297.0751775403305
1916.86,1833.0833000000002
3744.17,3382.0055151065517
1068.77,1044.534645573929
3365.26,3445.111834295827
2882.25,3172.79267869738
142.1,305.49201020141163
5140.07,4489.161834910395
218.38,197.59318317460315
52.11,62.458273257377485
1169.28,895.8506073484848
492.09,638.2593343228677
551.21,388.49298272498316
5021.28,6040.031781952629
219.5,309.21933502871127
673.05,617.611281052744
57.48,147.86150316389757
1468.29,1381.032054713237
286.0,88.3310478943633
290.98,193.2317773077427
367.42,324.75019755333517
3117.85,3462.4389052185925
3192.6,4303.947182373274
487.53,640.7210115069931
518.36,528.7428412071888
50.41,86.5487021013691
4863.79,4272.414623577638
3644.68,4045.8055
6215.5,6142.559127079704
3349.46,4244.464816666991
3329.43,3778.7927372501163
1002.88,1244.708083588597
3191.64,3314.3374752976174
1715.0,2076.399241856545
1046.44,962.850890036136
3893.14,3131.9367777798384
660.65,727.5911452047698
373.78,265.9135126394797
873.02,975.1480515873025
464.11,495.0199739762959
9380.96,8738.955316666666
1912.77,2136.7872522042726
68.78,323.96601388671513
2285.1,2080.9793643121334
288.95,306.97866076276017
7906.99,8818.573251968788
2360.59,2173.1373433866697
402.57,322.3313216292023
9194.31,7594.386294059644
3755.71,2194.4482957609907
1232.91,1439.394882640693
4210.54,5522.956049366422
646.3,399.1854131899451
2769.06,3330.580872334538
1376.47,1006.0027140726233
677.38,446.7497331491863
4323.47,4130.95955871008
402.6,290.93072477178106
569.93,345.09683746203007
350.04,274.58150172115876
229.76,355.13453069546506
6336.83,7457.281632653611
1789.5,1797.735348685224
5604.36,4673.974066721193
455.03,386.16352918929965
886.0,835.1230912945254
2940.16,3244.0501557529346
6998.45,7013.609575382215
257.57,375.55531542542235
461.27,545.887910848573
1342.69,1244.475075190051
6308.87,5182.060572384915
1047.19,1287.4936524924642
338.58,302.2199666666665
4222.22,3393.1147471697254
3122.39,2347.426905213433
384.78,377.82258145682704
5602.58,4086.0923000861603
1118.74,1526.5459666666668
218.76,358.0719157989091
1031.03,1493.0555036282576
3920.48,4683.945789792547
359.07,506.92718071401424
409.42,315.8114662853861
1595.21,1761.6121845879115
2835.28,2822.3969619688182
1039.58,1014.0462050000001
1130.05,976.3931587647443
19.69,68.06995166105243
1478.88,1883.423813611111
338.4,314.6669968294698
107.65,182.30742637881278
7396.86,6867.686496654821
475.04,540.2283103088079
1513.18,2314.0129669326548
2414.36,2561.9041524587547
341.78,331.831836997692
1305.34,1135.2298511289364
2268.44,1788.268136794238
10275.78,11046.082561675168
701.59,848.7560827987011
32.49,64.60012197758255
69.7,138.89435198440955
145.96,292.278894065455
6600.53,6260.218615440861
1617.05,1717.1781770151565
195.71,291.631184099841
73.57,146.11153419608377
1761.47,1597.9219220458458
2557.86,3156.0241439754773
27.55,142.2647869691731
3699.27,4034.8885733848933
290.47,327.4745751211745
124.64,173.75102958252552
3606.3,2598.9998449999994
1270.5,1404.09204919414
2003.76,1622.1213971049783
170.14,203.45050355930934
6058.98,5012.459973912287
239.8,261.53577685375734
7748.49,9032.3287
3317.98,3431.9323315957386
506.05,603.5418662272721
6347.13,7182.548914770352
816.15,1080.0186447033036
10451.06,8949.776794285715
1966.81,1801.592527857143
1745.98,1671.7940374444527
371.38,551.1533827786092
252.94,339.0070517731992
1663.05,1801.475601431902
247.3,303.0175953383679
449.96,501.5032997134471
2229.3,2342.978441958226
391.19,489.61228880401
503.5,445.5626670741471
205.84,317.0969025910894
871.21,923.0306747727273
616.61,868.653407858007
5147.84,5255.007566666667
366.33,337.7351392932527
570.79,521.7968415555114
3349.34,3301.489198893955
65.03,115.65215626029558
7539.59,7665.208638650145
3596.52,3411.2844522708106
3164.48,2278.426437661782
3229.32,3638.494942864848
639.94,530.0646170351912
320.86,286.66935503731725
487.45,640.5334166666662
5941.09,7223.223899270632
285.42,287.8295945506126
2724.53,3187.1035272900945
1423.14,1662.2025060808185
4699.73,4503.005214107095
226.73,280.12053138060526
4307.0,4331.605816470588
329.77,274.4217894373622
271.33,289.11653278833734
14259.31,12546.64242418485
8821.66,8222.80182652016
24.26,118.65115754868522
8409.55,7244.070439464285
750.4,612.8878527967648
300.86,357.75999971644245
208.87,320.77418464791486
8801.31,12788.462622434785
614.36,686.7313853017516
1356.92,1159.9564787359059
114.36,75.39705297973141
1571.03,1962.7338304761904
1068.78,1141.1618235641693
8032.52,7701.82810927693
206.29,355.06814685745485
5194.16,5898.671420456206
1453.65,1187.5584448841782
7268.51,8290.10647004747
390.07,409.1786755665794
4613.72,4956.049361044981
38.97,65.58875994837685
2474.78,2568.0438677296484
151.2,124.25646112552985
77.25,180.80460938200773
72.8,89.17626670143791
3256.61,4103.916391226714
4139.13,4635.105554930426
3629.96,3957.256750931284
296.09,283.1395161002934
2337.49,2059.797305058792
2296.79,2608.1769366161584
439.48,609.2474433595839
6333.73,5169.369663102843
264.06,297.78584171012403
746.65,773.2857357246778
954.63,900.8558268141464
2106.62,1816.3854677310308
3077.08,2719.229684818058
4434.64,4768.369296757724
936.83,1194.841260355446
342.57,444.4469307525433
3774.32,5201.895461393056
120.24,160.00228068830788
9441.29,12587.254345833335
4027.65,3607.391849754802
6391.12,7121.034514415582
2487.85,3020.4332310036343
679.72,569.5874680856717
4213.04,3624.5778449042614
1350.5,1355.359749417703
160.98,138.3686529564846
1490.0,1512.9233773512085
1764.88,1840.4509832293022
9853.63,8191.501478194088
1525.97,1266.7477650793649
3147.96,2896.447771643145
8411.09,7964.317367317651
260.7,350.5566002889482
478.0,727.576757857143
1399.32,1907.917319550682
239.09,196.32332741115195
3656.07,4842.660316462663
858.84,1039.0175168198316
213.88,336.2514894325049
5380.81,3246.405554340893
15.68,118.03217387201006
7888.76,5574.514004274129
2008.16,1528.2407876011275
4267.74,3508.65792200175
239.05,309.86747635107287
256.45,402.6533003700561
7038.87,7194.226893623892
5622.56,5183.946863972305
152.53,307.8581735005857
872.43,847.995737698413
10112.09,9352.463682201993
10713.25,12367.038526363636
334.89,290.17280408737605
98.63,217.08216540526274
2552.77,2327.1825517535235
5509.53,4635.531927208964
663.5,568.8653306589938
279.44,331.5992238804008
1089.71,799.2778247097746
380.88,474.2685356445612
4165.89,5418.131914001366
842.32,692.1431886619397
137.21,89.66084012523338
1675.45,1837.5998382900816
